"SITE","SITECODE","TREAT","TYPE","DIVISON","SPP","COUNT_SITE","BASAL_SITE","COUNT_HA","BASAL_HA","LAT","LONG","SLOPE","ASPECT_RAW","ELEVATION","SOLAR","EXP_MIN","OL_AV","TOTAL_COUNT_SITE","SPP_PROP_SITE","CONIF_COUNT_SITE","DECID_COUNT_SITE","CONIF_PROP_SITE","DECID_PROP_SITE"
"DALTON","10_0",0,"SAPLING","d","ALCR",0,0,0,0,65.71578,-149.22574,4.3130798,122.1900024,267.9599915,601249.8528,0,20,208,0,197,11,0.947115384615385,0.0528846153846154
"DALTON","10_0",0,"SAPLING","d","BENE",5,4.95245016,125,123.811254,65.71578,-149.22574,4.3130798,122.1900024,267.9599915,601249.8528,0,20,208,0.0240384615384615,197,11,0.947115384615385,0.0528846153846154
"DALTON","10_0",0,"SAPLING","c","PIME",101,37.77069528,2525,944.267382,65.71578,-149.22574,4.3130798,122.1900024,267.9599915,601249.8528,0,20,208,0.485576923076923,197,11,0.947115384615385,0.0528846153846154
"DALTON","10_0",0,"SAPLING","d","POTR",0,0,0,0,65.71578,-149.22574,4.3130798,122.1900024,267.9599915,601249.8528,0,20,208,0,197,11,0.947115384615385,0.0528846153846154
"DALTON","10_0",0,"SAPLING","d","SALIX",1,0.06304824,25,1.576206,65.71578,-149.22574,4.3130798,122.1900024,267.9599915,601249.8528,0,20,208,0.00480769230769231,197,11,0.947115384615385,0.0528846153846154
"DALTON","10_0",0,"TREE","d","ALCR",0,0,0,0,65.71578,-149.22574,4.3130798,122.1900024,267.9599915,601249.8528,0,20,208,0,197,11,0.947115384615385,0.0528846153846154
"DALTON","10_0",0,"TREE","d","BENE",4,4.93848792,100,123.462198,65.71578,-149.22574,4.3130798,122.1900024,267.9599915,601249.8528,0,20,208,0.0192307692307692,197,11,0.947115384615385,0.0528846153846154
"DALTON","10_0",0,"TREE","c","PIME",96,40.45793562,2400,1011.448391,65.71578,-149.22574,4.3130798,122.1900024,267.9599915,601249.8528,0,20,208,0.461538461538462,197,11,0.947115384615385,0.0528846153846154
"DALTON","10_0",0,"TREE","d","POTR",0,0,0,0,65.71578,-149.22574,4.3130798,122.1900024,267.9599915,601249.8528,0,20,208,0,197,11,0.947115384615385,0.0528846153846154
"DALTON","10_0",0,"TREE","d","SALIX",1,0.06304824,25,1.576206,65.71578,-149.22574,4.3130798,122.1900024,267.9599915,601249.8528,0,20,208,0.00480769230769231,197,11,0.947115384615385,0.0528846153846154
"DALTON","11_0",0,"SAPLING","d","ALCR",0,0,0,0,65.71918,-149.22691,3.8304601,210.697998,279.3359985,602533.3492,0,17.6,136,0,123,13,0.904411764705882,0.0955882352941176
"DALTON","11_0",0,"SAPLING","d","BENE",0,0,0,0,65.71918,-149.22691,3.8304601,210.697998,279.3359985,602533.3492,0,17.6,136,0,123,13,0.904411764705882,0.0955882352941176
"DALTON","11_0",0,"SAPLING","c","PIME",35,6.0250338,875,150.625845,65.71918,-149.22691,3.8304601,210.697998,279.3359985,602533.3492,0,17.6,136,0.257352941176471,123,13,0.904411764705882,0.0955882352941176
"DALTON","11_0",0,"SAPLING","d","POTR",0,0,0,0,65.71918,-149.22691,3.8304601,210.697998,279.3359985,602533.3492,0,17.6,136,0,123,13,0.904411764705882,0.0955882352941176
"DALTON","11_0",0,"SAPLING","d","SALIX",3,0.16449264,75,4.112316,65.71918,-149.22691,3.8304601,210.697998,279.3359985,602533.3492,0,17.6,136,0.0220588235294118,123,13,0.904411764705882,0.0955882352941176
"DALTON","11_0",0,"TREE","d","ALCR",0,0,0,0,65.71918,-149.22691,3.8304601,210.697998,279.3359985,602533.3492,0,17.6,136,0,123,13,0.904411764705882,0.0955882352941176
"DALTON","11_0",0,"TREE","d","BENE",1,0.68414976,25,17.103744,65.71918,-149.22691,3.8304601,210.697998,279.3359985,602533.3492,0,17.6,136,0.00735294117647059,123,13,0.904411764705882,0.0955882352941176
"DALTON","11_0",0,"TREE","c","PIME",88,30.28982526,2200,757.2456315,65.71918,-149.22691,3.8304601,210.697998,279.3359985,602533.3492,0,17.6,136,0.647058823529412,123,13,0.904411764705882,0.0955882352941176
"DALTON","11_0",0,"TREE","d","POTR",0,0,0,0,65.71918,-149.22691,3.8304601,210.697998,279.3359985,602533.3492,0,17.6,136,0,123,13,0.904411764705882,0.0955882352941176
"DALTON","11_0",0,"TREE","d","SALIX",9,0.64526274,225,16.1315685,65.71918,-149.22691,3.8304601,210.697998,279.3359985,602533.3492,0,17.6,136,0.0661764705882353,123,13,0.904411764705882,0.0955882352941176
"DALTON","44_0",0,"SAPLING","d","ALCR",0,0,0,0,65.71369,-149.23332,5.85179,151.4309998,252.1470032,599354.3768,0,18.8,400,0,372,28,0.93,0.07
"DALTON","44_0",0,"SAPLING","d","BENE",2,1.34397468,50,33.599367,65.71369,-149.23332,5.85179,151.4309998,252.1470032,599354.3768,0,18.8,400,0.005,372,28,0.93,0.07
"DALTON","44_0",0,"SAPLING","c","PIME",192,43.1591382,4800,1078.978455,65.71369,-149.23332,5.85179,151.4309998,252.1470032,599354.3768,0,18.8,400,0.48,372,28,0.93,0.07
"DALTON","44_0",0,"SAPLING","d","POTR",0,0,0,0,65.71369,-149.23332,5.85179,151.4309998,252.1470032,599354.3768,0,18.8,400,0,372,28,0.93,0.07
"DALTON","44_0",0,"SAPLING","d","SALIX",12,1.69597584,300,42.399396,65.71369,-149.23332,5.85179,151.4309998,252.1470032,599354.3768,0,18.8,400,0.03,372,28,0.93,0.07
"DALTON","44_0",0,"TREE","d","ALCR",0,0,0,0,65.71369,-149.23332,5.85179,151.4309998,252.1470032,599354.3768,0,18.8,400,0,372,28,0.93,0.07
"DALTON","44_0",0,"TREE","d","BENE",2,1.34397468,50,33.599367,65.71369,-149.23332,5.85179,151.4309998,252.1470032,599354.3768,0,18.8,400,0.005,372,28,0.93,0.07
"DALTON","44_0",0,"TREE","c","PIME",180,48.08017332,4500,1202.004333,65.71369,-149.23332,5.85179,151.4309998,252.1470032,599354.3768,0,18.8,400,0.45,372,28,0.93,0.07
"DALTON","44_0",0,"TREE","d","POTR",0,0,0,0,65.71369,-149.23332,5.85179,151.4309998,252.1470032,599354.3768,0,18.8,400,0,372,28,0.93,0.07
"DALTON","44_0",0,"TREE","d","SALIX",12,1.69597584,300,42.399396,65.71369,-149.23332,5.85179,151.4309998,252.1470032,599354.3768,0,18.8,400,0.03,372,28,0.93,0.07
"DALTON","58_0",0,"SAPLING","d","ALCR",0,0,0,0,65.71309,-149.2278,4.3920202,262.2200012,262.8670044,601044.1029,0,17,95,0,84,11,0.884210526315789,0.115789473684211
"DALTON","58_0",0,"SAPLING","d","BENE",2,2.64088134,50,66.0220335,65.71309,-149.2278,4.3920202,262.2200012,262.8670044,601044.1029,0,17,95,0.0210526315789474,84,11,0.884210526315789,0.115789473684211
"DALTON","58_0",0,"SAPLING","c","PIME",18,17.8323984,450,445.80996,65.71309,-149.2278,4.3920202,262.2200012,262.8670044,601044.1029,0,17,95,0.189473684210526,84,11,0.884210526315789,0.115789473684211
"DALTON","58_0",0,"SAPLING","d","POTR",0,0,0,0,65.71309,-149.2278,4.3920202,262.2200012,262.8670044,601044.1029,0,17,95,0,84,11,0.884210526315789,0.115789473684211
"DALTON","58_0",0,"SAPLING","d","SALIX",1,0.11540664,25,2.885166,65.71309,-149.2278,4.3920202,262.2200012,262.8670044,601044.1029,0,17,95,0.0105263157894737,84,11,0.884210526315789,0.115789473684211
"DALTON","58_0",0,"TREE","d","ALCR",0,0,0,0,65.71309,-149.2278,4.3920202,262.2200012,262.8670044,601044.1029,0,17,95,0,84,11,0.884210526315789,0.115789473684211
"DALTON","58_0",0,"TREE","d","BENE",4,5.33870244,100,133.467561,65.71309,-149.2278,4.3920202,262.2200012,262.8670044,601044.1029,0,17,95,0.0421052631578947,84,11,0.884210526315789,0.115789473684211
"DALTON","58_0",0,"TREE","c","PIME",66,45.6911577,1650,1142.278943,65.71309,-149.2278,4.3920202,262.2200012,262.8670044,601044.1029,0,17,95,0.694736842105263,84,11,0.884210526315789,0.115789473684211
"DALTON","58_0",0,"TREE","d","POTR",0,0,0,0,65.71309,-149.2278,4.3920202,262.2200012,262.8670044,601044.1029,0,17,95,0,84,11,0.884210526315789,0.115789473684211
"DALTON","58_0",0,"TREE","d","SALIX",4,0.351783,100,8.794575,65.71309,-149.2278,4.3920202,262.2200012,262.8670044,601044.1029,0,17,95,0.0421052631578947,84,11,0.884210526315789,0.115789473684211
"DALTON","12_1",1,"SAPLING","d","ALCR",0,0,0,0,65.7068,-149.18559,6.7337098,333.6419983,261.8880005,599446.6717,12.5,4.5,40,0,0,40,0,1
"DALTON","12_1",1,"SAPLING","d","BENE",20,0.0392688,500,0.98172,65.7068,-149.18559,6.7337098,333.6419983,261.8880005,599446.6717,12.5,4.5,40,0.5,0,40,0,1
"DALTON","12_1",1,"SAPLING","c","PIME",0,0,0,0,65.7068,-149.18559,6.7337098,333.6419983,261.8880005,599446.6717,12.5,4.5,40,0,0,40,0,1
"DALTON","12_1",1,"SAPLING","d","POTR",0,0,0,0,65.7068,-149.18559,6.7337098,333.6419983,261.8880005,599446.6717,12.5,4.5,40,0,0,40,0,1
"DALTON","12_1",1,"SAPLING","d","SALIX",20,0.0098172,500,0.24543,65.7068,-149.18559,6.7337098,333.6419983,261.8880005,599446.6717,12.5,4.5,40,0.5,0,40,0,1
"DALTON","12_1",1,"TREE","d","ALCR",0,0,0,0,65.7068,-149.18559,6.7337098,333.6419983,261.8880005,599446.6717,12.5,4.5,40,0,0,40,0,1
"DALTON","12_1",1,"TREE","d","BENE",0,0,0,0,65.7068,-149.18559,6.7337098,333.6419983,261.8880005,599446.6717,12.5,4.5,40,0,0,40,0,1
"DALTON","12_1",1,"TREE","c","PIME",0,0,0,0,65.7068,-149.18559,6.7337098,333.6419983,261.8880005,599446.6717,12.5,4.5,40,0,0,40,0,1
"DALTON","12_1",1,"TREE","d","POTR",0,0,0,0,65.7068,-149.18559,6.7337098,333.6419983,261.8880005,599446.6717,12.5,4.5,40,0,0,40,0,1
"DALTON","12_1",1,"TREE","d","SALIX",0,0,0,0,65.7068,-149.18559,6.7337098,333.6419983,261.8880005,599446.6717,12.5,4.5,40,0,0,40,0,1
"DALTON","41_1",1,"SAPLING","d","ALCR",0,0,0,0,65.70615,-149.22386,13.2546997,11.4744997,248.1640015,594485.5498,22.5,8.2,15,0,0,15,0,1
"DALTON","41_1",1,"SAPLING","d","BENE",8,0.0850824,200,2.12706,65.70615,-149.22386,13.2546997,11.4744997,248.1640015,594485.5498,22.5,8.2,15,0.533333333333333,0,15,0,1
"DALTON","41_1",1,"SAPLING","c","PIME",0,0,0,0,65.70615,-149.22386,13.2546997,11.4744997,248.1640015,594485.5498,22.5,8.2,15,0,0,15,0,1
"DALTON","41_1",1,"SAPLING","d","POTR",0,0,0,0,65.70615,-149.22386,13.2546997,11.4744997,248.1640015,594485.5498,22.5,8.2,15,0,0,15,0,1
"DALTON","41_1",1,"SAPLING","d","SALIX",5,0.1382589,125,3.4564725,65.70615,-149.22386,13.2546997,11.4744997,248.1640015,594485.5498,22.5,8.2,15,0.333333333333333,0,15,0,1
"DALTON","41_1",1,"TREE","d","ALCR",0,0,0,0,65.70615,-149.22386,13.2546997,11.4744997,248.1640015,594485.5498,22.5,8.2,15,0,0,15,0,1
"DALTON","41_1",1,"TREE","d","BENE",1,0.04586814,25,1.1467035,65.70615,-149.22386,13.2546997,11.4744997,248.1640015,594485.5498,22.5,8.2,15,0.0666666666666667,0,15,0,1
"DALTON","41_1",1,"TREE","c","PIME",0,0,0,0,65.70615,-149.22386,13.2546997,11.4744997,248.1640015,594485.5498,22.5,8.2,15,0,0,15,0,1
"DALTON","41_1",1,"TREE","d","POTR",0,0,0,0,65.70615,-149.22386,13.2546997,11.4744997,248.1640015,594485.5498,22.5,8.2,15,0,0,15,0,1
"DALTON","41_1",1,"TREE","d","SALIX",1,0.10558944,25,2.639736,65.70615,-149.22386,13.2546997,11.4744997,248.1640015,594485.5498,22.5,8.2,15,0.0666666666666667,0,15,0,1
"DALTON","42_1",1,"SAPLING","d","ALCR",1,0.36672696,25,9.168174,65.69112,-149.11751,7.1159101,56.4902,327.4930115,606715.4025,10,11.4,10,0.1,1,9,0.1,0.9
"DALTON","42_1",1,"SAPLING","d","BENE",7,0.05175846,175,1.2939615,65.69112,-149.11751,7.1159101,56.4902,327.4930115,606715.4025,10,11.4,10,0.7,1,9,0.1,0.9
"DALTON","42_1",1,"SAPLING","c","PIME",1,0.00196344,25,0.049086,65.69112,-149.11751,7.1159101,56.4902,327.4930115,606715.4025,10,11.4,10,0.1,1,9,0.1,0.9
"DALTON","42_1",1,"SAPLING","d","POTR",0,0,0,0,65.69112,-149.11751,7.1159101,56.4902,327.4930115,606715.4025,10,11.4,10,0,1,9,0.1,0.9
"DALTON","42_1",1,"SAPLING","d","SALIX",0,0,0,0,65.69112,-149.11751,7.1159101,56.4902,327.4930115,606715.4025,10,11.4,10,0,1,9,0.1,0.9
"DALTON","42_1",1,"TREE","d","ALCR",1,0.36672696,25,9.168174,65.69112,-149.11751,7.1159101,56.4902,327.4930115,606715.4025,10,11.4,10,0.1,1,9,0.1,0.9
"DALTON","42_1",1,"TREE","d","BENE",0,0,0,0,65.69112,-149.11751,7.1159101,56.4902,327.4930115,606715.4025,10,11.4,10,0,1,9,0.1,0.9
"DALTON","42_1",1,"TREE","c","PIME",0,0,0,0,65.69112,-149.11751,7.1159101,56.4902,327.4930115,606715.4025,10,11.4,10,0,1,9,0.1,0.9
"DALTON","42_1",1,"TREE","d","POTR",0,0,0,0,65.69112,-149.11751,7.1159101,56.4902,327.4930115,606715.4025,10,11.4,10,0,1,9,0.1,0.9
"DALTON","42_1",1,"TREE","d","SALIX",0,0,0,0,65.69112,-149.11751,7.1159101,56.4902,327.4930115,606715.4025,10,11.4,10,0,1,9,0.1,0.9
"DALTON","48_1",1,"SAPLING","d","ALCR",0,0,0,0,65.70551,-149.22821,3.33901,144.6759949,257.7170105,600634.2123,10,2.8,30,0,1,29,0.0333333333333333,0.966666666666667
"DALTON","48_1",1,"SAPLING","d","BENE",13,5.16662874,325,129.1657185,65.70551,-149.22821,3.33901,144.6759949,257.7170105,600634.2123,10,2.8,30,0.433333333333333,1,29,0.0333333333333333,0.966666666666667
"DALTON","48_1",1,"SAPLING","c","PIME",1,0.00267246,25,0.0668115,65.70551,-149.22821,3.33901,144.6759949,257.7170105,600634.2123,10,2.8,30,0.0333333333333333,1,29,0.0333333333333333,0.966666666666667
"DALTON","48_1",1,"SAPLING","d","POTR",1,0.00049086,25,0.0122715,65.70551,-149.22821,3.33901,144.6759949,257.7170105,600634.2123,10,2.8,30,0.0333333333333333,1,29,0.0333333333333333,0.966666666666667
"DALTON","48_1",1,"SAPLING","d","SALIX",8,0.70340238,200,17.5850595,65.70551,-149.22821,3.33901,144.6759949,257.7170105,600634.2123,10,2.8,30,0.266666666666667,1,29,0.0333333333333333,0.966666666666667
"DALTON","48_1",1,"TREE","d","ALCR",0,0,0,0,65.70551,-149.22821,3.33901,144.6759949,257.7170105,600634.2123,10,2.8,30,0,1,29,0.0333333333333333,0.966666666666667
"DALTON","48_1",1,"TREE","d","BENE",5,5.12299674,125,128.0749185,65.70551,-149.22821,3.33901,144.6759949,257.7170105,600634.2123,10,2.8,30,0.166666666666667,1,29,0.0333333333333333,0.966666666666667
"DALTON","48_1",1,"TREE","c","PIME",0,0,0,0,65.70551,-149.22821,3.33901,144.6759949,257.7170105,600634.2123,10,2.8,30,0,1,29,0.0333333333333333,0.966666666666667
"DALTON","48_1",1,"TREE","d","POTR",0,0,0,0,65.70551,-149.22821,3.33901,144.6759949,257.7170105,600634.2123,10,2.8,30,0,1,29,0.0333333333333333,0.966666666666667
"DALTON","48_1",1,"TREE","d","SALIX",2,0.6722055,50,16.8051375,65.70551,-149.22821,3.33901,144.6759949,257.7170105,600634.2123,10,2.8,30,0.0666666666666667,1,29,0.0333333333333333,0.966666666666667
"DALTON","50_1",1,"SAPLING","d","ALCR",0,0,0,0,65.70692,-149.18695,5.6178198,329.7919922,257.9140015,599456.8481,0,4,20,0,0,20,0,1
"DALTON","50_1",1,"SAPLING","d","BENE",0,0,0,0,65.70692,-149.18695,5.6178198,329.7919922,257.9140015,599456.8481,0,4,20,0,0,20,0,1
"DALTON","50_1",1,"SAPLING","c","PIME",0,0,0,0,65.70692,-149.18695,5.6178198,329.7919922,257.9140015,599456.8481,0,4,20,0,0,20,0,1
"DALTON","50_1",1,"SAPLING","d","POTR",0,0,0,0,65.70692,-149.18695,5.6178198,329.7919922,257.9140015,599456.8481,0,4,20,0,0,20,0,1
"DALTON","50_1",1,"SAPLING","d","SALIX",20,0.0043632,500,0.10908,65.70692,-149.18695,5.6178198,329.7919922,257.9140015,599456.8481,0,4,20,1,0,20,0,1
"DALTON","50_1",1,"TREE","d","ALCR",0,0,0,0,65.70692,-149.18695,5.6178198,329.7919922,257.9140015,599456.8481,0,4,20,0,0,20,0,1
"DALTON","50_1",1,"TREE","d","BENE",0,0,0,0,65.70692,-149.18695,5.6178198,329.7919922,257.9140015,599456.8481,0,4,20,0,0,20,0,1
"DALTON","50_1",1,"TREE","c","PIME",0,0,0,0,65.70692,-149.18695,5.6178198,329.7919922,257.9140015,599456.8481,0,4,20,0,0,20,0,1
"DALTON","50_1",1,"TREE","d","POTR",0,0,0,0,65.70692,-149.18695,5.6178198,329.7919922,257.9140015,599456.8481,0,4,20,0,0,20,0,1
"DALTON","50_1",1,"TREE","d","SALIX",0,0,0,0,65.70692,-149.18695,5.6178198,329.7919922,257.9140015,599456.8481,0,4,20,0,0,20,0,1
"DALTON","52_1",1,"SAPLING","d","ALCR",1,0.28273536,25,7.068384,65.69073,-149.1245,5.24822,311.7770081,347.9249878,609798.2024,5,6.8,4,0.25,0,4,0,1
"DALTON","52_1",1,"SAPLING","d","BENE",0,0,0,0,65.69073,-149.1245,5.24822,311.7770081,347.9249878,609798.2024,5,6.8,4,0,0,4,0,1
"DALTON","52_1",1,"SAPLING","c","PIME",0,0,0,0,65.69073,-149.1245,5.24822,311.7770081,347.9249878,609798.2024,5,6.8,4,0,0,4,0,1
"DALTON","52_1",1,"SAPLING","d","POTR",0,0,0,0,65.69073,-149.1245,5.24822,311.7770081,347.9249878,609798.2024,5,6.8,4,0,0,4,0,1
"DALTON","52_1",1,"SAPLING","d","SALIX",1,0.00049086,25,0.0122715,65.69073,-149.1245,5.24822,311.7770081,347.9249878,609798.2024,5,6.8,4,0.25,0,4,0,1
"DALTON","52_1",1,"TREE","d","ALCR",2,0.33182136,50,8.295534,65.69073,-149.1245,5.24822,311.7770081,347.9249878,609798.2024,5,6.8,4,0.5,0,4,0,1
"DALTON","52_1",1,"TREE","d","BENE",0,0,0,0,65.69073,-149.1245,5.24822,311.7770081,347.9249878,609798.2024,5,6.8,4,0,0,4,0,1
"DALTON","52_1",1,"TREE","c","PIME",0,0,0,0,65.69073,-149.1245,5.24822,311.7770081,347.9249878,609798.2024,5,6.8,4,0,0,4,0,1
"DALTON","52_1",1,"TREE","d","POTR",0,0,0,0,65.69073,-149.1245,5.24822,311.7770081,347.9249878,609798.2024,5,6.8,4,0,0,4,0,1
"DALTON","52_1",1,"TREE","d","SALIX",0,0,0,0,65.69073,-149.1245,5.24822,311.7770081,347.9249878,609798.2024,5,6.8,4,0,0,4,0,1
"DALTON","64_1",1,"SAPLING","d","ALCR",20,0.6283008,500,15.70752,65.70761,-149.19055,7.25036,18.2584991,251.2550049,598158.4809,0,5.2,260,0.0769230769230769,20,240,0.0769230769230769,0.923076923076923
"DALTON","64_1",1,"SAPLING","d","BENE",100,0.583578,2500,14.58945,65.70761,-149.19055,7.25036,18.2584991,251.2550049,598158.4809,0,5.2,260,0.384615384615385,20,240,0.0769230769230769,0.923076923076923
"DALTON","64_1",1,"SAPLING","c","PIME",0,0,0,0,65.70761,-149.19055,7.25036,18.2584991,251.2550049,598158.4809,0,5.2,260,0,20,240,0.0769230769230769,0.923076923076923
"DALTON","64_1",1,"SAPLING","d","POTR",0,0,0,0,65.70761,-149.19055,7.25036,18.2584991,251.2550049,598158.4809,0,5.2,260,0,20,240,0.0769230769230769,0.923076923076923
"DALTON","64_1",1,"SAPLING","d","SALIX",0,0,0,0,65.70761,-149.19055,7.25036,18.2584991,251.2550049,598158.4809,0,5.2,260,0,20,240,0.0769230769230769,0.923076923076923
"DALTON","64_1",1,"TREE","d","ALCR",100,30.864186,2500,771.60465,65.70761,-149.19055,7.25036,18.2584991,251.2550049,598158.4809,0,5.2,260,0.384615384615385,20,240,0.0769230769230769,0.923076923076923
"DALTON","64_1",1,"TREE","d","BENE",20,2.3081328,500,57.70332,65.70761,-149.19055,7.25036,18.2584991,251.2550049,598158.4809,0,5.2,260,0.0769230769230769,20,240,0.0769230769230769,0.923076923076923
"DALTON","64_1",1,"TREE","c","PIME",20,1.1169792,500,27.92448,65.70761,-149.19055,7.25036,18.2584991,251.2550049,598158.4809,0,5.2,260,0.0769230769230769,20,240,0.0769230769230769,0.923076923076923
"DALTON","64_1",1,"TREE","d","POTR",0,0,0,0,65.70761,-149.19055,7.25036,18.2584991,251.2550049,598158.4809,0,5.2,260,0,20,240,0.0769230769230769,0.923076923076923
"DALTON","64_1",1,"TREE","d","SALIX",0,0,0,0,65.70761,-149.19055,7.25036,18.2584991,251.2550049,598158.4809,0,5.2,260,0,20,240,0.0769230769230769,0.923076923076923
"DALTON","65_1",1,"SAPLING","d","ALCR",0,0,0,0,65.70811,-149.19125,6.3059802,358.2080078,245.8760071,597345.7863,2.5,3.3,5,0,1,4,0.2,0.8
"DALTON","65_1",1,"SAPLING","d","BENE",1,0.00267246,25,0.0668115,65.70811,-149.19125,6.3059802,358.2080078,245.8760071,597345.7863,2.5,3.3,5,0.2,1,4,0.2,0.8
"DALTON","65_1",1,"SAPLING","c","PIME",0,0,0,0,65.70811,-149.19125,6.3059802,358.2080078,245.8760071,597345.7863,2.5,3.3,5,0,1,4,0.2,0.8
"DALTON","65_1",1,"SAPLING","d","POTR",0,0,0,0,65.70811,-149.19125,6.3059802,358.2080078,245.8760071,597345.7863,2.5,3.3,5,0,1,4,0.2,0.8
"DALTON","65_1",1,"SAPLING","d","SALIX",0,0,0,0,65.70811,-149.19125,6.3059802,358.2080078,245.8760071,597345.7863,2.5,3.3,5,0,1,4,0.2,0.8
"DALTON","65_1",1,"TREE","d","ALCR",3,1.21444218,75,30.3610545,65.70811,-149.19125,6.3059802,358.2080078,245.8760071,597345.7863,2.5,3.3,5,0.6,1,4,0.2,0.8
"DALTON","65_1",1,"TREE","d","BENE",0,0,0,0,65.70811,-149.19125,6.3059802,358.2080078,245.8760071,597345.7863,2.5,3.3,5,0,1,4,0.2,0.8
"DALTON","65_1",1,"TREE","c","PIME",1,0.27493614,25,6.8734035,65.70811,-149.19125,6.3059802,358.2080078,245.8760071,597345.7863,2.5,3.3,5,0.2,1,4,0.2,0.8
"DALTON","65_1",1,"TREE","d","POTR",0,0,0,0,65.70811,-149.19125,6.3059802,358.2080078,245.8760071,597345.7863,2.5,3.3,5,0,1,4,0.2,0.8
"DALTON","65_1",1,"TREE","d","SALIX",0,0,0,0,65.70811,-149.19125,6.3059802,358.2080078,245.8760071,597345.7863,2.5,3.3,5,0,1,4,0.2,0.8
"DALTON","16_2",2,"SAPLING","d","ALCR",0,0,0,0,65.70504,-149.15279,4.1869702,279.5169983,322.3699951,606063.6038,2.5,3.2,188,0,0,188,0,1
"DALTON","16_2",2,"SAPLING","d","BENE",63,1.12117878,1575,28.0294695,65.70504,-149.15279,4.1869702,279.5169983,322.3699951,606063.6038,2.5,3.2,188,0.335106382978723,0,188,0,1
"DALTON","16_2",2,"SAPLING","c","PIME",0,0,0,0,65.70504,-149.15279,4.1869702,279.5169983,322.3699951,606063.6038,2.5,3.2,188,0,0,188,0,1
"DALTON","16_2",2,"SAPLING","d","POTR",10,0.12702366,250,3.1755915,65.70504,-149.15279,4.1869702,279.5169983,322.3699951,606063.6038,2.5,3.2,188,0.0531914893617021,0,188,0,1
"DALTON","16_2",2,"SAPLING","d","SALIX",101,1.05802146,2525,26.4505365,65.70504,-149.15279,4.1869702,279.5169983,322.3699951,606063.6038,2.5,3.2,188,0.537234042553192,0,188,0,1
"DALTON","16_2",2,"TREE","d","ALCR",0,0,0,0,65.70504,-149.15279,4.1869702,279.5169983,322.3699951,606063.6038,2.5,3.2,188,0,0,188,0,1
"DALTON","16_2",2,"TREE","d","BENE",8,0.3667815,200,9.1695375,65.70504,-149.15279,4.1869702,279.5169983,322.3699951,606063.6038,2.5,3.2,188,0.0425531914893617,0,188,0,1
"DALTON","16_2",2,"TREE","c","PIME",0,0,0,0,65.70504,-149.15279,4.1869702,279.5169983,322.3699951,606063.6038,2.5,3.2,188,0,0,188,0,1
"DALTON","16_2",2,"TREE","d","POTR",1,0.049086,25,1.22715,65.70504,-149.15279,4.1869702,279.5169983,322.3699951,606063.6038,2.5,3.2,188,0.00531914893617021,0,188,0,1
"DALTON","16_2",2,"TREE","d","SALIX",5,0.7597422,125,18.993555,65.70504,-149.15279,4.1869702,279.5169983,322.3699951,606063.6038,2.5,3.2,188,0.0265957446808511,0,188,0,1
"DALTON","32_2",2,"SAPLING","d","ALCR",0,0,0,0,65.6884,-149.1244,6.7414899,269.1610107,362.2969971,610389.6289,1.25,1.62,73,0,0,73,0,1
"DALTON","32_2",2,"SAPLING","d","BENE",32,5.12316036,800,128.079009,65.6884,-149.1244,6.7414899,269.1610107,362.2969971,610389.6289,1.25,1.62,73,0.438356164383562,0,73,0,1
"DALTON","32_2",2,"SAPLING","c","PIME",0,0,0,0,65.6884,-149.1244,6.7414899,269.1610107,362.2969971,610389.6289,1.25,1.62,73,0,0,73,0,1
"DALTON","32_2",2,"SAPLING","d","POTR",4,0.04286844,100,1.071711,65.6884,-149.1244,6.7414899,269.1610107,362.2969971,610389.6289,1.25,1.62,73,0.0547945205479452,0,73,0,1
"DALTON","32_2",2,"SAPLING","d","SALIX",17,0.4188672,425,10.47168,65.6884,-149.1244,6.7414899,269.1610107,362.2969971,610389.6289,1.25,1.62,73,0.232876712328767,0,73,0,1
"DALTON","32_2",2,"TREE","d","ALCR",0,0,0,0,65.6884,-149.1244,6.7414899,269.1610107,362.2969971,610389.6289,1.25,1.62,73,0,0,73,0,1
"DALTON","32_2",2,"TREE","d","BENE",17,5.20573392,425,130.143348,65.6884,-149.1244,6.7414899,269.1610107,362.2969971,610389.6289,1.25,1.62,73,0.232876712328767,0,73,0,1
"DALTON","32_2",2,"TREE","c","PIME",0,0,0,0,65.6884,-149.1244,6.7414899,269.1610107,362.2969971,610389.6289,1.25,1.62,73,0,0,73,0,1
"DALTON","32_2",2,"TREE","d","POTR",0,0,0,0,65.6884,-149.1244,6.7414899,269.1610107,362.2969971,610389.6289,1.25,1.62,73,0,0,73,0,1
"DALTON","32_2",2,"TREE","d","SALIX",3,0.34049322,75,8.5123305,65.6884,-149.1244,6.7414899,269.1610107,362.2969971,610389.6289,1.25,1.62,73,0.0410958904109589,0,73,0,1
"DALTON","39_2",2,"SAPLING","d","ALCR",2,3.47272542,50,86.8181355,65.70004,-149.11685,4.0569301,25.8673992,313.4150085,605911.4401,0,7.3,40,0.05,0,40,0,1
"DALTON","39_2",2,"SAPLING","d","BENE",17,3.68155908,425,92.038977,65.70004,-149.11685,4.0569301,25.8673992,313.4150085,605911.4401,0,7.3,40,0.425,0,40,0,1
"DALTON","39_2",2,"SAPLING","c","PIME",0,0,0,0,65.70004,-149.11685,4.0569301,25.8673992,313.4150085,605911.4401,0,7.3,40,0,0,40,0,1
"DALTON","39_2",2,"SAPLING","d","POTR",0,0,0,0,65.70004,-149.11685,4.0569301,25.8673992,313.4150085,605911.4401,0,7.3,40,0,0,40,0,1
"DALTON","39_2",2,"SAPLING","d","SALIX",7,0.2233413,175,5.5835325,65.70004,-149.11685,4.0569301,25.8673992,313.4150085,605911.4401,0,7.3,40,0.175,0,40,0,1
"DALTON","39_2",2,"TREE","d","ALCR",1,3.46350816,25,86.587704,65.70004,-149.11685,4.0569301,25.8673992,313.4150085,605911.4401,0,7.3,40,0.025,0,40,0,1
"DALTON","39_2",2,"TREE","d","BENE",11,3.61420218,275,90.3550545,65.70004,-149.11685,4.0569301,25.8673992,313.4150085,605911.4401,0,7.3,40,0.275,0,40,0,1
"DALTON","39_2",2,"TREE","c","PIME",0,0,0,0,65.70004,-149.11685,4.0569301,25.8673992,313.4150085,605911.4401,0,7.3,40,0,0,40,0,1
"DALTON","39_2",2,"TREE","d","POTR",0,0,0,0,65.70004,-149.11685,4.0569301,25.8673992,313.4150085,605911.4401,0,7.3,40,0,0,40,0,1
"DALTON","39_2",2,"TREE","d","SALIX",2,0.20185254,50,5.0463135,65.70004,-149.11685,4.0569301,25.8673992,313.4150085,605911.4401,0,7.3,40,0.05,0,40,0,1
"DALTON","40_2",2,"SAPLING","d","ALCR",0,0,0,0,65.69016,-149.12027,5.6810298,30.8488007,351.7460022,610103.855,10,2,45,0,0,45,0,1
"DALTON","40_2",2,"SAPLING","d","BENE",14,4.01065344,350,100.266336,65.69016,-149.12027,5.6810298,30.8488007,351.7460022,610103.855,10,2,45,0.311111111111111,0,45,0,1
"DALTON","40_2",2,"SAPLING","c","PIME",0,0,0,0,65.69016,-149.12027,5.6810298,30.8488007,351.7460022,610103.855,10,2,45,0,0,45,0,1
"DALTON","40_2",2,"SAPLING","d","POTR",3,0.02170692,75,0.542673,65.69016,-149.12027,5.6810298,30.8488007,351.7460022,610103.855,10,2,45,0.0666666666666667,0,45,0,1
"DALTON","40_2",2,"SAPLING","d","SALIX",10,2.94374196,250,73.593549,65.69016,-149.12027,5.6810298,30.8488007,351.7460022,610103.855,10,2,45,0.222222222222222,0,45,0,1
"DALTON","40_2",2,"TREE","d","ALCR",0,0,0,0,65.69016,-149.12027,5.6810298,30.8488007,351.7460022,610103.855,10,2,45,0,0,45,0,1
"DALTON","40_2",2,"TREE","d","BENE",11,6.4864422,275,162.161055,65.69016,-149.12027,5.6810298,30.8488007,351.7460022,610103.855,10,2,45,0.244444444444444,0,45,0,1
"DALTON","40_2",2,"TREE","c","PIME",0,0,0,0,65.69016,-149.12027,5.6810298,30.8488007,351.7460022,610103.855,10,2,45,0,0,45,0,1
"DALTON","40_2",2,"TREE","d","POTR",0,0,0,0,65.69016,-149.12027,5.6810298,30.8488007,351.7460022,610103.855,10,2,45,0,0,45,0,1
"DALTON","40_2",2,"TREE","d","SALIX",7,3.3010335,175,82.5258375,65.69016,-149.12027,5.6810298,30.8488007,351.7460022,610103.855,10,2,45,0.155555555555556,0,45,0,1
"DALTON","47_2",2,"SAPLING","d","ALCR",33,4.50304056,825,112.576014,65.69946,-149.15793,5.2288299,203.7660065,266.3460083,600811.2884,0,4.8,115,0.28695652173913,0,115,0,1
"DALTON","47_2",2,"SAPLING","d","BENE",51,1.0946178,1275,27.365445,65.69946,-149.15793,5.2288299,203.7660065,266.3460083,600811.2884,0,4.8,115,0.443478260869565,0,115,0,1
"DALTON","47_2",2,"SAPLING","c","PIME",0,0,0,0,65.69946,-149.15793,5.2288299,203.7660065,266.3460083,600811.2884,0,4.8,115,0,0,115,0,1
"DALTON","47_2",2,"SAPLING","d","POTR",0,0,0,0,65.69946,-149.15793,5.2288299,203.7660065,266.3460083,600811.2884,0,4.8,115,0,0,115,0,1
"DALTON","47_2",2,"SAPLING","d","SALIX",3,0.02497932,75,0.624483,65.69946,-149.15793,5.2288299,203.7660065,266.3460083,600811.2884,0,4.8,115,0.0260869565217391,0,115,0,1
"DALTON","47_2",2,"TREE","d","ALCR",22,5.48465148,550,137.116287,65.69946,-149.15793,5.2288299,203.7660065,266.3460083,600811.2884,0,4.8,115,0.191304347826087,0,115,0,1
"DALTON","47_2",2,"TREE","d","BENE",6,0.33209406,150,8.3023515,65.69946,-149.15793,5.2288299,203.7660065,266.3460083,600811.2884,0,4.8,115,0.0521739130434783,0,115,0,1
"DALTON","47_2",2,"TREE","c","PIME",0,0,0,0,65.69946,-149.15793,5.2288299,203.7660065,266.3460083,600811.2884,0,4.8,115,0,0,115,0,1
"DALTON","47_2",2,"TREE","d","POTR",0,0,0,0,65.69946,-149.15793,5.2288299,203.7660065,266.3460083,600811.2884,0,4.8,115,0,0,115,0,1
"DALTON","47_2",2,"TREE","d","SALIX",0,0,0,0,65.69946,-149.15793,5.2288299,203.7660065,266.3460083,600811.2884,0,4.8,115,0,0,115,0,1
"DALTON","56_2",2,"SAPLING","d","ALCR",6,0.0957177,150,2.3929425,65.69936,-149.1514,4.3580298,221.6459961,279.446991,602107.422,38.75,3.3,117,0.0512820512820513,0,117,0,1
"DALTON","56_2",2,"SAPLING","d","BENE",89,1.43063874,2225,35.7659685,65.69936,-149.1514,4.3580298,221.6459961,279.446991,602107.422,38.75,3.3,117,0.760683760683761,0,117,0,1
"DALTON","56_2",2,"SAPLING","c","PIME",0,0,0,0,65.69936,-149.1514,4.3580298,221.6459961,279.446991,602107.422,38.75,3.3,117,0,0,117,0,1
"DALTON","56_2",2,"SAPLING","d","POTR",0,0,0,0,65.69936,-149.1514,4.3580298,221.6459961,279.446991,602107.422,38.75,3.3,117,0,0,117,0,1
"DALTON","56_2",2,"SAPLING","d","SALIX",11,0.41875812,275,10.468953,65.69936,-149.1514,4.3580298,221.6459961,279.446991,602107.422,38.75,3.3,117,0.094017094017094,0,117,0,1
"DALTON","56_2",2,"TREE","d","ALCR",1,0.04275936,25,1.068984,65.69936,-149.1514,4.3580298,221.6459961,279.446991,602107.422,38.75,3.3,117,0.00854700854700855,0,117,0,1
"DALTON","56_2",2,"TREE","d","BENE",8,1.00288152,200,25.072038,65.69936,-149.1514,4.3580298,221.6459961,279.446991,602107.422,38.75,3.3,117,0.0683760683760684,0,117,0,1
"DALTON","56_2",2,"TREE","c","PIME",0,0,0,0,65.69936,-149.1514,4.3580298,221.6459961,279.446991,602107.422,38.75,3.3,117,0,0,117,0,1
"DALTON","56_2",2,"TREE","d","POTR",0,0,0,0,65.69936,-149.1514,4.3580298,221.6459961,279.446991,602107.422,38.75,3.3,117,0,0,117,0,1
"DALTON","56_2",2,"TREE","d","SALIX",2,0.36738144,50,9.184536,65.69936,-149.1514,4.3580298,221.6459961,279.446991,602107.422,38.75,3.3,117,0.0170940170940171,0,117,0,1
"DALTON","57_2",2,"SAPLING","d","ALCR",2,0.80686476,50,20.171619,65.69627,-149.15442,3.48876,185.8280029,260.6889954,600326.3039,43.75,0.9,196,0.0102040816326531,0,196,0,1
"DALTON","57_2",2,"SAPLING","d","BENE",154,4.51094886,3850,112.7737215,65.69627,-149.15442,3.48876,185.8280029,260.6889954,600326.3039,43.75,0.9,196,0.785714285714286,0,196,0,1
"DALTON","57_2",2,"SAPLING","c","PIME",0,0,0,0,65.69627,-149.15442,3.48876,185.8280029,260.6889954,600326.3039,43.75,0.9,196,0,0,196,0,1
"DALTON","57_2",2,"SAPLING","d","POTR",0,0,0,0,65.69627,-149.15442,3.48876,185.8280029,260.6889954,600326.3039,43.75,0.9,196,0,0,196,0,1
"DALTON","57_2",2,"SAPLING","d","SALIX",10,0.12064248,250,3.016062,65.69627,-149.15442,3.48876,185.8280029,260.6889954,600326.3039,43.75,0.9,196,0.0510204081632653,0,196,0,1
"DALTON","57_2",2,"TREE","d","ALCR",2,0.80686476,50,20.171619,65.69627,-149.15442,3.48876,185.8280029,260.6889954,600326.3039,43.75,0.9,196,0.0102040816326531,0,196,0,1
"DALTON","57_2",2,"TREE","d","BENE",27,2.83602546,675,70.9006365,65.69627,-149.15442,3.48876,185.8280029,260.6889954,600326.3039,43.75,0.9,196,0.137755102040816,0,196,0,1
"DALTON","57_2",2,"TREE","c","PIME",0,0,0,0,65.69627,-149.15442,3.48876,185.8280029,260.6889954,600326.3039,43.75,0.9,196,0,0,196,0,1
"DALTON","57_2",2,"TREE","d","POTR",0,0,0,0,65.69627,-149.15442,3.48876,185.8280029,260.6889954,600326.3039,43.75,0.9,196,0,0,196,0,1
"DALTON","57_2",2,"TREE","d","SALIX",1,2.05266744,25,51.316686,65.69627,-149.15442,3.48876,185.8280029,260.6889954,600326.3039,43.75,0.9,196,0.00510204081632653,0,196,0,1
"DALTON","8_2",2,"SAPLING","d","ALCR",5,9.5259564,125,238.14891,65.70418,-149.14612,5.25912,202.5769958,336.2000122,607079.4354,42.5,1.4,55,0.0909090909090909,1,54,0.0181818181818182,0.981818181818182
"DALTON","8_2",2,"SAPLING","d","BENE",5,1.58967738,125,39.7419345,65.70418,-149.14612,5.25912,202.5769958,336.2000122,607079.4354,42.5,1.4,55,0.0909090909090909,1,54,0.0181818181818182,0.981818181818182
"DALTON","8_2",2,"SAPLING","c","PIME",1,0.01068984,25,0.267246,65.70418,-149.14612,5.25912,202.5769958,336.2000122,607079.4354,42.5,1.4,55,0.0181818181818182,1,54,0.0181818181818182,0.981818181818182
"DALTON","8_2",2,"SAPLING","d","POTR",0,0,0,0,65.70418,-149.14612,5.25912,202.5769958,336.2000122,607079.4354,42.5,1.4,55,0,1,54,0.0181818181818182,0.981818181818182
"DALTON","8_2",2,"SAPLING","d","SALIX",22,11.82558096,550,295.639524,65.70418,-149.14612,5.25912,202.5769958,336.2000122,607079.4354,42.5,1.4,55,0.4,1,54,0.0181818181818182,0.981818181818182
"DALTON","8_2",2,"TREE","d","ALCR",4,9.53261028,100,238.315257,65.70418,-149.14612,5.25912,202.5769958,336.2000122,607079.4354,42.5,1.4,55,0.0727272727272727,1,54,0.0181818181818182,0.981818181818182
"DALTON","8_2",2,"TREE","d","BENE",7,2.07181098,175,51.7952745,65.70418,-149.14612,5.25912,202.5769958,336.2000122,607079.4354,42.5,1.4,55,0.127272727272727,1,54,0.0181818181818182,0.981818181818182
"DALTON","8_2",2,"TREE","c","PIME",0,0,0,0,65.70418,-149.14612,5.25912,202.5769958,336.2000122,607079.4354,42.5,1.4,55,0,1,54,0.0181818181818182,0.981818181818182
"DALTON","8_2",2,"TREE","d","POTR",0,0,0,0,65.70418,-149.14612,5.25912,202.5769958,336.2000122,607079.4354,42.5,1.4,55,0,1,54,0.0181818181818182,0.981818181818182
"DALTON","8_2",2,"TREE","d","SALIX",11,11.72506374,275,293.1265935,65.70418,-149.14612,5.25912,202.5769958,336.2000122,607079.4354,42.5,1.4,55,0.2,1,54,0.0181818181818182,0.981818181818182
"DALTON","14_3",3,"SAPLING","d","ALCR",2,0.12576924,50,3.144231,65.68749,-149.19668,7.5756898,176.397995,310.9630127,604788.0359,0,0.875,29,0.0689655172413793,0,29,0,1
"DALTON","14_3",3,"SAPLING","d","BENE",7,0.06337548,175,1.584387,65.68749,-149.19668,7.5756898,176.397995,310.9630127,604788.0359,0,0.875,29,0.241379310344828,0,29,0,1
"DALTON","14_3",3,"SAPLING","c","PIME",0,0,0,0,65.68749,-149.19668,7.5756898,176.397995,310.9630127,604788.0359,0,0.875,29,0,0,29,0,1
"DALTON","14_3",3,"SAPLING","d","POTR",0,0,0,0,65.68749,-149.19668,7.5756898,176.397995,310.9630127,604788.0359,0,0.875,29,0,0,29,0,1
"DALTON","14_3",3,"SAPLING","d","SALIX",5,0.09195444,125,2.298861,65.68749,-149.19668,7.5756898,176.397995,310.9630127,604788.0359,0,0.875,29,0.172413793103448,0,29,0,1
"DALTON","14_3",3,"TREE","d","ALCR",10,0.80986446,250,20.2466115,65.68749,-149.19668,7.5756898,176.397995,310.9630127,604788.0359,0,0.875,29,0.344827586206897,0,29,0,1
"DALTON","14_3",3,"TREE","d","BENE",1,0.18985374,25,4.7463435,65.68749,-149.19668,7.5756898,176.397995,310.9630127,604788.0359,0,0.875,29,0.0344827586206897,0,29,0,1
"DALTON","14_3",3,"TREE","c","PIME",0,0,0,0,65.68749,-149.19668,7.5756898,176.397995,310.9630127,604788.0359,0,0.875,29,0,0,29,0,1
"DALTON","14_3",3,"TREE","d","POTR",0,0,0,0,65.68749,-149.19668,7.5756898,176.397995,310.9630127,604788.0359,0,0.875,29,0,0,29,0,1
"DALTON","14_3",3,"TREE","d","SALIX",4,0.33613002,100,8.4032505,65.68749,-149.19668,7.5756898,176.397995,310.9630127,604788.0359,0,0.875,29,0.137931034482759,0,29,0,1
"DALTON","15_3",3,"SAPLING","d","ALCR",0,0,0,0,65.6936,-149.19728,11.0676003,311.6319885,316.0270081,603810.8466,10,2.97,720,0,0,720,0,1
"DALTON","15_3",3,"SAPLING","d","BENE",520,19.3366116,13000,483.41529,65.6936,-149.19728,11.0676003,311.6319885,316.0270081,603810.8466,10,2.97,720,0.722222222222222,0,720,0,1
"DALTON","15_3",3,"SAPLING","c","PIME",0,0,0,0,65.6936,-149.19728,11.0676003,311.6319885,316.0270081,603810.8466,10,2.97,720,0,0,720,0,1
"DALTON","15_3",3,"SAPLING","d","POTR",0,0,0,0,65.6936,-149.19728,11.0676003,311.6319885,316.0270081,603810.8466,10,2.97,720,0,0,720,0,1
"DALTON","15_3",3,"SAPLING","d","SALIX",20,3.5440092,500,88.60023,65.6936,-149.19728,11.0676003,311.6319885,316.0270081,603810.8466,10,2.97,720,0.0277777777777778,0,720,0,1
"DALTON","15_3",3,"TREE","d","ALCR",0,0,0,0,65.6936,-149.19728,11.0676003,311.6319885,316.0270081,603810.8466,10,2.97,720,0,0,720,0,1
"DALTON","15_3",3,"TREE","d","BENE",160,17.2160964,4000,430.40241,65.6936,-149.19728,11.0676003,311.6319885,316.0270081,603810.8466,10,2.97,720,0.222222222222222,0,720,0,1
"DALTON","15_3",3,"TREE","c","PIME",0,0,0,0,65.6936,-149.19728,11.0676003,311.6319885,316.0270081,603810.8466,10,2.97,720,0,0,720,0,1
"DALTON","15_3",3,"TREE","d","POTR",0,0,0,0,65.6936,-149.19728,11.0676003,311.6319885,316.0270081,603810.8466,10,2.97,720,0,0,720,0,1
"DALTON","15_3",3,"TREE","d","SALIX",20,3.5440092,500,88.60023,65.6936,-149.19728,11.0676003,311.6319885,316.0270081,603810.8466,10,2.97,720,0.0277777777777778,0,720,0,1
"DALTON","37_3",3,"SAPLING","d","ALCR",12,1.5391188,300,38.47797,65.68577,-149.19524,10.3354998,158.7089996,287.2839966,602007.9447,38.75,2.5,86,0.13953488372093,0,86,0,1
"DALTON","37_3",3,"SAPLING","d","BENE",17,0.77343174,425,19.3357935,65.68577,-149.19524,10.3354998,158.7089996,287.2839966,602007.9447,38.75,2.5,86,0.197674418604651,0,86,0,1
"DALTON","37_3",3,"SAPLING","c","PIME",0,0,0,0,65.68577,-149.19524,10.3354998,158.7089996,287.2839966,602007.9447,38.75,2.5,86,0,0,86,0,1
"DALTON","37_3",3,"SAPLING","d","POTR",0,0,0,0,65.68577,-149.19524,10.3354998,158.7089996,287.2839966,602007.9447,38.75,2.5,86,0,0,86,0,1
"DALTON","37_3",3,"SAPLING","d","SALIX",28,2.88609318,700,72.1523295,65.68577,-149.19524,10.3354998,158.7089996,287.2839966,602007.9447,38.75,2.5,86,0.325581395348837,0,86,0,1
"DALTON","37_3",3,"TREE","d","ALCR",5,1.45147302,125,36.2868255,65.68577,-149.19524,10.3354998,158.7089996,287.2839966,602007.9447,38.75,2.5,86,0.0581395348837209,0,86,0,1
"DALTON","37_3",3,"TREE","d","BENE",7,0.55418094,175,13.8545235,65.68577,-149.19524,10.3354998,158.7089996,287.2839966,602007.9447,38.75,2.5,86,0.0813953488372093,0,86,0,1
"DALTON","37_3",3,"TREE","c","PIME",0,0,0,0,65.68577,-149.19524,10.3354998,158.7089996,287.2839966,602007.9447,38.75,2.5,86,0,0,86,0,1
"DALTON","37_3",3,"TREE","d","POTR",0,0,0,0,65.68577,-149.19524,10.3354998,158.7089996,287.2839966,602007.9447,38.75,2.5,86,0,0,86,0,1
"DALTON","37_3",3,"TREE","d","SALIX",17,4.36827222,425,109.2068055,65.68577,-149.19524,10.3354998,158.7089996,287.2839966,602007.9447,38.75,2.5,86,0.197674418604651,0,86,0,1
"DALTON","54_3",3,"SAPLING","d","ALCR",0,0,0,0,65.69318,-149.19493,8.7726297,315.6390076,336.9719849,606549.7337,67.5,1.25,53,0,0,53,0,1
"DALTON","54_3",3,"SAPLING","d","BENE",19,1.39720572,475,34.930143,65.69318,-149.19493,8.7726297,315.6390076,336.9719849,606549.7337,67.5,1.25,53,0.358490566037736,0,53,0,1
"DALTON","54_3",3,"SAPLING","c","PIME",0,0,0,0,65.69318,-149.19493,8.7726297,315.6390076,336.9719849,606549.7337,67.5,1.25,53,0,0,53,0,1
"DALTON","54_3",3,"SAPLING","d","POTR",0,0,0,0,65.69318,-149.19493,8.7726297,315.6390076,336.9719849,606549.7337,67.5,1.25,53,0,0,53,0,1
"DALTON","54_3",3,"SAPLING","d","SALIX",3,0.41084982,75,10.2712455,65.69318,-149.19493,8.7726297,315.6390076,336.9719849,606549.7337,67.5,1.25,53,0.0566037735849057,0,53,0,1
"DALTON","54_3",3,"TREE","d","ALCR",0,0,0,0,65.69318,-149.19493,8.7726297,315.6390076,336.9719849,606549.7337,67.5,1.25,53,0,0,53,0,1
"DALTON","54_3",3,"TREE","d","BENE",27,2.81688192,675,70.422048,65.69318,-149.19493,8.7726297,315.6390076,336.9719849,606549.7337,67.5,1.25,53,0.509433962264151,0,53,0,1
"DALTON","54_3",3,"TREE","c","PIME",0,0,0,0,65.69318,-149.19493,8.7726297,315.6390076,336.9719849,606549.7337,67.5,1.25,53,0,0,53,0,1
"DALTON","54_3",3,"TREE","d","POTR",0,0,0,0,65.69318,-149.19493,8.7726297,315.6390076,336.9719849,606549.7337,67.5,1.25,53,0,0,53,0,1
"DALTON","54_3",3,"TREE","d","SALIX",4,1.240785,100,31.019625,65.69318,-149.19493,8.7726297,315.6390076,336.9719849,606549.7337,67.5,1.25,53,0.0754716981132075,0,53,0,1
"DALTON","55_3",3,"SAPLING","d","ALCR",6,2.15416638,150,53.8541595,65.69235,-149.19681,10.9991999,268.0150146,333.5549927,605419.8585,50,1.62,190,0.0315789473684211,0,190,0,1
"DALTON","55_3",3,"SAPLING","d","BENE",106,3.11848812,2650,77.962203,65.69235,-149.19681,10.9991999,268.0150146,333.5549927,605419.8585,50,1.62,190,0.557894736842105,0,190,0,1
"DALTON","55_3",3,"SAPLING","c","PIME",0,0,0,0,65.69235,-149.19681,10.9991999,268.0150146,333.5549927,605419.8585,50,1.62,190,0,0,190,0,1
"DALTON","55_3",3,"SAPLING","d","POTR",0,0,0,0,65.69235,-149.19681,10.9991999,268.0150146,333.5549927,605419.8585,50,1.62,190,0,0,190,0,1
"DALTON","55_3",3,"SAPLING","d","SALIX",34,1.57069746,850,39.2674365,65.69235,-149.19681,10.9991999,268.0150146,333.5549927,605419.8585,50,1.62,190,0.178947368421053,0,190,0,1
"DALTON","55_3",3,"TREE","d","ALCR",2,2.08953648,50,52.238412,65.69235,-149.19681,10.9991999,268.0150146,333.5549927,605419.8585,50,1.62,190,0.0105263157894737,0,190,0,1
"DALTON","55_3",3,"TREE","d","BENE",30,2.18830842,750,54.7077105,65.69235,-149.19681,10.9991999,268.0150146,333.5549927,605419.8585,50,1.62,190,0.157894736842105,0,190,0,1
"DALTON","55_3",3,"TREE","c","PIME",0,0,0,0,65.69235,-149.19681,10.9991999,268.0150146,333.5549927,605419.8585,50,1.62,190,0,0,190,0,1
"DALTON","55_3",3,"TREE","d","POTR",0,0,0,0,65.69235,-149.19681,10.9991999,268.0150146,333.5549927,605419.8585,50,1.62,190,0,0,190,0,1
"DALTON","55_3",3,"TREE","d","SALIX",12,1.7008299,300,42.5207475,65.69235,-149.19681,10.9991999,268.0150146,333.5549927,605419.8585,50,1.62,190,0.0631578947368421,0,190,0,1
"DALTON","7_3",3,"SAPLING","d","ALCR",2,0.17894574,50,4.4736435,65.68674,-149.19289,9.26019,132.677002,292.8930054,602306.2811,32.5,1.7,15,0.133333333333333,0,15,0,1
"DALTON","7_3",3,"SAPLING","d","BENE",4,0.07002936,100,1.750734,65.68674,-149.19289,9.26019,132.677002,292.8930054,602306.2811,32.5,1.7,15,0.266666666666667,0,15,0,1
"DALTON","7_3",3,"SAPLING","c","PIME",0,0,0,0,65.68674,-149.19289,9.26019,132.677002,292.8930054,602306.2811,32.5,1.7,15,0,0,15,0,1
"DALTON","7_3",3,"SAPLING","d","POTR",0,0,0,0,65.68674,-149.19289,9.26019,132.677002,292.8930054,602306.2811,32.5,1.7,15,0,0,15,0,1
"DALTON","7_3",3,"SAPLING","d","SALIX",1,0.02405214,25,0.6013035,65.68674,-149.19289,9.26019,132.677002,292.8930054,602306.2811,32.5,1.7,15,0.0666666666666667,0,15,0,1
"DALTON","7_3",3,"TREE","d","ALCR",3,0.3321486,75,8.303715,65.68674,-149.19289,9.26019,132.677002,292.8930054,602306.2811,32.5,1.7,15,0.2,0,15,0,1
"DALTON","7_3",3,"TREE","d","BENE",2,0.3776895,50,9.4422375,65.68674,-149.19289,9.26019,132.677002,292.8930054,602306.2811,32.5,1.7,15,0.133333333333333,0,15,0,1
"DALTON","7_3",3,"TREE","c","PIME",0,0,0,0,65.68674,-149.19289,9.26019,132.677002,292.8930054,602306.2811,32.5,1.7,15,0,0,15,0,1
"DALTON","7_3",3,"TREE","d","POTR",0,0,0,0,65.68674,-149.19289,9.26019,132.677002,292.8930054,602306.2811,32.5,1.7,15,0,0,15,0,1
"DALTON","7_3",3,"TREE","d","SALIX",3,0.61242966,75,15.3107415,65.68674,-149.19289,9.26019,132.677002,292.8930054,602306.2811,32.5,1.7,15,0.2,0,15,0,1
"STEESE","1_0",0,"SAPLING","d","ALCR",0,0,0,0,65.5631,-145.02356,2.58249,42.5637016,442.0629883,618011.3063,0,20.5,154,0,153,1,0.993506493506494,0.00649350649350649
"STEESE","1_0",0,"SAPLING","d","ARCT",0,0,0,0,65.5631,-145.02356,2.58249,42.5637016,442.0629883,618011.3063,0,20.5,154,0,153,1,0.993506493506494,0.00649350649350649
"STEESE","1_0",0,"SAPLING","d","BENE",0,0,0,0,65.5631,-145.02356,2.58249,42.5637016,442.0629883,618011.3063,0,20.5,154,0,153,1,0.993506493506494,0.00649350649350649
"STEESE","1_0",0,"SAPLING","c","PIME",60,0.78191483,1500,19.54787075,65.5631,-145.02356,2.58249,42.5637016,442.0629883,618011.3063,0,20.5,154,0.38961038961039,153,1,0.993506493506494,0.00649350649350649
"STEESE","1_0",0,"SAPLING","d","POBA",0,0,0,0,65.5631,-145.02356,2.58249,42.5637016,442.0629883,618011.3063,0,20.5,154,0,153,1,0.993506493506494,0.00649350649350649
"STEESE","1_0",0,"SAPLING","d","POTR",0,0,0,0,65.5631,-145.02356,2.58249,42.5637016,442.0629883,618011.3063,0,20.5,154,0,153,1,0.993506493506494,0.00649350649350649
"STEESE","1_0",0,"SAPLING","d","SALIX",0,0,0,0,65.5631,-145.02356,2.58249,42.5637016,442.0629883,618011.3063,0,20.5,154,0,153,1,0.993506493506494,0.00649350649350649
"STEESE","1_0",0,"TREE","d","ALCR",0,0,0,0,65.5631,-145.02356,2.58249,42.5637016,442.0629883,618011.3063,0,20.5,154,0,153,1,0.993506493506494,0.00649350649350649
"STEESE","1_0",0,"TREE","d","ARCT",0,0,0,0,65.5631,-145.02356,2.58249,42.5637016,442.0629883,618011.3063,0,20.5,154,0,153,1,0.993506493506494,0.00649350649350649
"STEESE","1_0",0,"TREE","d","BENE",0,0,0,0,65.5631,-145.02356,2.58249,42.5637016,442.0629883,618011.3063,0,20.5,154,0,153,1,0.993506493506494,0.00649350649350649
"STEESE","1_0",0,"TREE","c","PIME",93,10.23021558,2325,255.7553894,65.5631,-145.02356,2.58249,42.5637016,442.0629883,618011.3063,0,20.5,154,0.603896103896104,153,1,0.993506493506494,0.00649350649350649
"STEESE","1_0",0,"TREE","d","POBA",0,0,0,0,65.5631,-145.02356,2.58249,42.5637016,442.0629883,618011.3063,0,20.5,154,0,153,1,0.993506493506494,0.00649350649350649
"STEESE","1_0",0,"TREE","d","POTR",0,0,0,0,65.5631,-145.02356,2.58249,42.5637016,442.0629883,618011.3063,0,20.5,154,0,153,1,0.993506493506494,0.00649350649350649
"STEESE","1_0",0,"TREE","d","SALIX",1,0.039722854,25,0.993071351,65.5631,-145.02356,2.58249,42.5637016,442.0629883,618011.3063,0,20.5,154,0.00649350649350649,153,1,0.993506493506494,0.00649350649350649
"STEESE","31_0",0,"SAPLING","d","ALCR",0,0,0,0,65.5649,-144.96962,1.41787,24.7474003,393.6340027,613316.3514,0,18.6,54,0,54,0,1,0
"STEESE","31_0",0,"SAPLING","d","ARCT",0,0,0,0,65.5649,-144.96962,1.41787,24.7474003,393.6340027,613316.3514,0,18.6,54,0,54,0,1,0
"STEESE","31_0",0,"SAPLING","d","BENE",0,0,0,0,65.5649,-144.96962,1.41787,24.7474003,393.6340027,613316.3514,0,18.6,54,0,54,0,1,0
"STEESE","31_0",0,"SAPLING","c","PIME",16,0.218750596,400,5.468764894,65.5649,-144.96962,1.41787,24.7474003,393.6340027,613316.3514,0,18.6,54,0.296296296296296,54,0,1,0
"STEESE","31_0",0,"SAPLING","d","POBA",0,0,0,0,65.5649,-144.96962,1.41787,24.7474003,393.6340027,613316.3514,0,18.6,54,0,54,0,1,0
"STEESE","31_0",0,"SAPLING","d","POTR",0,0,0,0,65.5649,-144.96962,1.41787,24.7474003,393.6340027,613316.3514,0,18.6,54,0,54,0,1,0
"STEESE","31_0",0,"SAPLING","d","SALIX",0,0,0,0,65.5649,-144.96962,1.41787,24.7474003,393.6340027,613316.3514,0,18.6,54,0,54,0,1,0
"STEESE","31_0",0,"TREE","d","ALCR",0,0,0,0,65.5649,-144.96962,1.41787,24.7474003,393.6340027,613316.3514,0,18.6,54,0,54,0,1,0
"STEESE","31_0",0,"TREE","d","ARCT",0,0,0,0,65.5649,-144.96962,1.41787,24.7474003,393.6340027,613316.3514,0,18.6,54,0,54,0,1,0
"STEESE","31_0",0,"TREE","d","BENE",0,0,0,0,65.5649,-144.96962,1.41787,24.7474003,393.6340027,613316.3514,0,18.6,54,0,54,0,1,0
"STEESE","31_0",0,"TREE","c","PIME",38,7.882890421,950,197.0722605,65.5649,-144.96962,1.41787,24.7474003,393.6340027,613316.3514,0,18.6,54,0.703703703703704,54,0,1,0
"STEESE","31_0",0,"TREE","d","POBA",0,0,0,0,65.5649,-144.96962,1.41787,24.7474003,393.6340027,613316.3514,0,18.6,54,0,54,0,1,0
"STEESE","31_0",0,"TREE","d","POTR",0,0,0,0,65.5649,-144.96962,1.41787,24.7474003,393.6340027,613316.3514,0,18.6,54,0,54,0,1,0
"STEESE","31_0",0,"TREE","d","SALIX",0,0,0,0,65.5649,-144.96962,1.41787,24.7474003,393.6340027,613316.3514,0,18.6,54,0,54,0,1,0
"STEESE","6_0",0,"SAPLING","d","ALCR",0,0,0,0,65.56738,-144.92766,2.1138599,5.0445299,367.2260132,610943.4977,0,19.8,77,0,75,2,0.974025974025974,0.025974025974026
"STEESE","6_0",0,"SAPLING","d","ARCT",0,0,0,0,65.56738,-144.92766,2.1138599,5.0445299,367.2260132,610943.4977,0,19.8,77,0,75,2,0.974025974025974,0.025974025974026
"STEESE","6_0",0,"SAPLING","d","BENE",0,0,0,0,65.56738,-144.92766,2.1138599,5.0445299,367.2260132,610943.4977,0,19.8,77,0,75,2,0.974025974025974,0.025974025974026
"STEESE","6_0",0,"SAPLING","c","PIME",16,0.626012936,400,15.65032341,65.56738,-144.92766,2.1138599,5.0445299,367.2260132,610943.4977,0,19.8,77,0.207792207792208,75,2,0.974025974025974,0.025974025974026
"STEESE","6_0",0,"SAPLING","d","POBA",0,0,0,0,65.56738,-144.92766,2.1138599,5.0445299,367.2260132,610943.4977,0,19.8,77,0,75,2,0.974025974025974,0.025974025974026
"STEESE","6_0",0,"SAPLING","d","POTR",0,0,0,0,65.56738,-144.92766,2.1138599,5.0445299,367.2260132,610943.4977,0,19.8,77,0,75,2,0.974025974025974,0.025974025974026
"STEESE","6_0",0,"SAPLING","d","SALIX",1,0.145180846,25,3.629521156,65.56738,-144.92766,2.1138599,5.0445299,367.2260132,610943.4977,0,19.8,77,0.012987012987013,75,2,0.974025974025974,0.025974025974026
"STEESE","6_0",0,"TREE","d","ALCR",0,0,0,0,65.56738,-144.92766,2.1138599,5.0445299,367.2260132,610943.4977,0,19.8,77,0,75,2,0.974025974025974,0.025974025974026
"STEESE","6_0",0,"TREE","d","ARCT",0,0,0,0,65.56738,-144.92766,2.1138599,5.0445299,367.2260132,610943.4977,0,19.8,77,0,75,2,0.974025974025974,0.025974025974026
"STEESE","6_0",0,"TREE","d","BENE",0,0,0,0,65.56738,-144.92766,2.1138599,5.0445299,367.2260132,610943.4977,0,19.8,77,0,75,2,0.974025974025974,0.025974025974026
"STEESE","6_0",0,"TREE","c","PIME",59,11.60628032,1475,290.1570079,65.56738,-144.92766,2.1138599,5.0445299,367.2260132,610943.4977,0,19.8,77,0.766233766233766,75,2,0.974025974025974,0.025974025974026
"STEESE","6_0",0,"TREE","d","POBA",0,0,0,0,65.56738,-144.92766,2.1138599,5.0445299,367.2260132,610943.4977,0,19.8,77,0,75,2,0.974025974025974,0.025974025974026
"STEESE","6_0",0,"TREE","d","POTR",0,0,0,0,65.56738,-144.92766,2.1138599,5.0445299,367.2260132,610943.4977,0,19.8,77,0,75,2,0.974025974025974,0.025974025974026
"STEESE","6_0",0,"TREE","d","SALIX",1,0.145180846,25,3.629521156,65.56738,-144.92766,2.1138599,5.0445299,367.2260132,610943.4977,0,19.8,77,0.012987012987013,75,2,0.974025974025974,0.025974025974026
"STEESE","9_0",0,"SAPLING","d","ALCR",0,0,0,0,65.56702,-144.9287,1.91345,15.9607,369.2820129,611139.9469,0,21.9,106,0,105,1,0.990566037735849,0.00943396226415094
"STEESE","9_0",0,"SAPLING","d","ARCT",0,0,0,0,65.56702,-144.9287,1.91345,15.9607,369.2820129,611139.9469,0,21.9,106,0,105,1,0.990566037735849,0.00943396226415094
"STEESE","9_0",0,"SAPLING","d","BENE",0,0,0,0,65.56702,-144.9287,1.91345,15.9607,369.2820129,611139.9469,0,21.9,106,0,105,1,0.990566037735849,0.00943396226415094
"STEESE","9_0",0,"SAPLING","c","PIME",24,3.177110658,600,79.42776646,65.56702,-144.9287,1.91345,15.9607,369.2820129,611139.9469,0,21.9,106,0.226415094339623,105,1,0.990566037735849,0.00943396226415094
"STEESE","9_0",0,"SAPLING","d","POBA",0,0,0,0,65.56702,-144.9287,1.91345,15.9607,369.2820129,611139.9469,0,21.9,106,0,105,1,0.990566037735849,0.00943396226415094
"STEESE","9_0",0,"SAPLING","d","POTR",0,0,0,0,65.56702,-144.9287,1.91345,15.9607,369.2820129,611139.9469,0,21.9,106,0,105,1,0.990566037735849,0.00943396226415094
"STEESE","9_0",0,"SAPLING","d","SALIX",0,0,0,0,65.56702,-144.9287,1.91345,15.9607,369.2820129,611139.9469,0,21.9,106,0,105,1,0.990566037735849,0.00943396226415094
"STEESE","9_0",0,"TREE","d","ALCR",0,0,0,0,65.56702,-144.9287,1.91345,15.9607,369.2820129,611139.9469,0,21.9,106,0,105,1,0.990566037735849,0.00943396226415094
"STEESE","9_0",0,"TREE","d","ARCT",0,0,0,0,65.56702,-144.9287,1.91345,15.9607,369.2820129,611139.9469,0,21.9,106,0,105,1,0.990566037735849,0.00943396226415094
"STEESE","9_0",0,"TREE","d","BENE",0,0,0,0,65.56702,-144.9287,1.91345,15.9607,369.2820129,611139.9469,0,21.9,106,0,105,1,0.990566037735849,0.00943396226415094
"STEESE","9_0",0,"TREE","c","PIME",81,14.98429305,2025,374.6073262,65.56702,-144.9287,1.91345,15.9607,369.2820129,611139.9469,0,21.9,106,0.764150943396226,105,1,0.990566037735849,0.00943396226415094
"STEESE","9_0",0,"TREE","d","POBA",0,0,0,0,65.56702,-144.9287,1.91345,15.9607,369.2820129,611139.9469,0,21.9,106,0,105,1,0.990566037735849,0.00943396226415094
"STEESE","9_0",0,"TREE","d","POTR",0,0,0,0,65.56702,-144.9287,1.91345,15.9607,369.2820129,611139.9469,0,21.9,106,0,105,1,0.990566037735849,0.00943396226415094
"STEESE","9_0",0,"TREE","d","SALIX",1,0.04704203,25,1.17605076,65.56702,-144.9287,1.91345,15.9607,369.2820129,611139.9469,0,21.9,106,0.00943396226415094,105,1,0.990566037735849,0.00943396226415094
"STEESE","18_1",1,"SAPLING","d","ALCR",0,0,0,0,65.58321,-145.00757,1.22018,86.7618027,415.95401,615661.5585,0,7.75,54,0,0,54,0,1
"STEESE","18_1",1,"SAPLING","d","ARCT",0,0,0,0,65.58321,-145.00757,1.22018,86.7618027,415.95401,615661.5585,0,7.75,54,0,0,54,0,1
"STEESE","18_1",1,"SAPLING","d","BENE",50,0.2176146,1250,5.440365,65.58321,-145.00757,1.22018,86.7618027,415.95401,615661.5585,0,7.75,54,0.925925925925926,0,54,0,1
"STEESE","18_1",1,"SAPLING","c","PIME",0,0,0,0,65.58321,-145.00757,1.22018,86.7618027,415.95401,615661.5585,0,7.75,54,0,0,54,0,1
"STEESE","18_1",1,"SAPLING","d","POBA",0,0,0,0,65.58321,-145.00757,1.22018,86.7618027,415.95401,615661.5585,0,7.75,54,0,0,54,0,1
"STEESE","18_1",1,"SAPLING","d","POTR",0,0,0,0,65.58321,-145.00757,1.22018,86.7618027,415.95401,615661.5585,0,7.75,54,0,0,54,0,1
"STEESE","18_1",1,"SAPLING","d","SALIX",4,0.00196344,100,0.049086,65.58321,-145.00757,1.22018,86.7618027,415.95401,615661.5585,0,7.75,54,0.0740740740740741,0,54,0,1
"STEESE","18_1",1,"TREE","d","ALCR",0,0,0,0,65.58321,-145.00757,1.22018,86.7618027,415.95401,615661.5585,0,7.75,54,0,0,54,0,1
"STEESE","18_1",1,"TREE","d","ARCT",0,0,0,0,65.58321,-145.00757,1.22018,86.7618027,415.95401,615661.5585,0,7.75,54,0,0,54,0,1
"STEESE","18_1",1,"TREE","d","BENE",0,0,0,0,65.58321,-145.00757,1.22018,86.7618027,415.95401,615661.5585,0,7.75,54,0,0,54,0,1
"STEESE","18_1",1,"TREE","c","PIME",0,0,0,0,65.58321,-145.00757,1.22018,86.7618027,415.95401,615661.5585,0,7.75,54,0,0,54,0,1
"STEESE","18_1",1,"TREE","d","POBA",0,0,0,0,65.58321,-145.00757,1.22018,86.7618027,415.95401,615661.5585,0,7.75,54,0,0,54,0,1
"STEESE","18_1",1,"TREE","d","POTR",0,0,0,0,65.58321,-145.00757,1.22018,86.7618027,415.95401,615661.5585,0,7.75,54,0,0,54,0,1
"STEESE","18_1",1,"TREE","d","SALIX",0,0,0,0,65.58321,-145.00757,1.22018,86.7618027,415.95401,615661.5585,0,7.75,54,0,0,54,0,1
"STEESE","20_1",1,"SAPLING","d","ALCR",0,0,0,0,65.5648,-144.92697,1.26079,45.5505981,371.9349976,611370.3313,0,13,9,0,0,9,0,1
"STEESE","20_1",1,"SAPLING","d","ARCT",0,0,0,0,65.5648,-144.92697,1.26079,45.5505981,371.9349976,611370.3313,0,13,9,0,0,9,0,1
"STEESE","20_1",1,"SAPLING","d","BENE",0,0,0,0,65.5648,-144.92697,1.26079,45.5505981,371.9349976,611370.3313,0,13,9,0,0,9,0,1
"STEESE","20_1",1,"SAPLING","c","PIME",0,0,0,0,65.5648,-144.92697,1.26079,45.5505981,371.9349976,611370.3313,0,13,9,0,0,9,0,1
"STEESE","20_1",1,"SAPLING","d","POBA",0,0,0,0,65.5648,-144.92697,1.26079,45.5505981,371.9349976,611370.3313,0,13,9,0,0,9,0,1
"STEESE","20_1",1,"SAPLING","d","POTR",0,0,0,0,65.5648,-144.92697,1.26079,45.5505981,371.9349976,611370.3313,0,13,9,0,0,9,0,1
"STEESE","20_1",1,"SAPLING","d","SALIX",7,0.96901218,175,24.2253045,65.5648,-144.92697,1.26079,45.5505981,371.9349976,611370.3313,0,13,9,0.777777777777778,0,9,0,1
"STEESE","20_1",1,"TREE","d","ALCR",0,0,0,0,65.5648,-144.92697,1.26079,45.5505981,371.9349976,611370.3313,0,13,9,0,0,9,0,1
"STEESE","20_1",1,"TREE","d","ARCT",0,0,0,0,65.5648,-144.92697,1.26079,45.5505981,371.9349976,611370.3313,0,13,9,0,0,9,0,1
"STEESE","20_1",1,"TREE","d","BENE",0,0,0,0,65.5648,-144.92697,1.26079,45.5505981,371.9349976,611370.3313,0,13,9,0,0,9,0,1
"STEESE","20_1",1,"TREE","c","PIME",0,0,0,0,65.5648,-144.92697,1.26079,45.5505981,371.9349976,611370.3313,0,13,9,0,0,9,0,1
"STEESE","20_1",1,"TREE","d","POBA",0,0,0,0,65.5648,-144.92697,1.26079,45.5505981,371.9349976,611370.3313,0,13,9,0,0,9,0,1
"STEESE","20_1",1,"TREE","d","POTR",0,0,0,0,65.5648,-144.92697,1.26079,45.5505981,371.9349976,611370.3313,0,13,9,0,0,9,0,1
"STEESE","20_1",1,"TREE","d","SALIX",2,0.9459963,50,23.6499075,65.5648,-144.92697,1.26079,45.5505981,371.9349976,611370.3313,0,13,9,0.222222222222222,0,9,0,1
"STEESE","28_1",1,"SAPLING","d","ALCR",0,0,0,0,65.58453,-144.97688,1.64726,124.8460007,404.0740051,614486.8667,0,11,16,0,0,16,0,1
"STEESE","28_1",1,"SAPLING","d","ARCT",0,0,0,0,65.58453,-144.97688,1.64726,124.8460007,404.0740051,614486.8667,0,11,16,0,0,16,0,1
"STEESE","28_1",1,"SAPLING","d","BENE",12,0.01625292,300,0.406323,65.58453,-144.97688,1.64726,124.8460007,404.0740051,614486.8667,0,11,16,0.75,0,16,0,1
"STEESE","28_1",1,"SAPLING","c","PIME",0,0,0,0,65.58453,-144.97688,1.64726,124.8460007,404.0740051,614486.8667,0,11,16,0,0,16,0,1
"STEESE","28_1",1,"SAPLING","d","POBA",0,0,0,0,65.58453,-144.97688,1.64726,124.8460007,404.0740051,614486.8667,0,11,16,0,0,16,0,1
"STEESE","28_1",1,"SAPLING","d","POTR",0,0,0,0,65.58453,-144.97688,1.64726,124.8460007,404.0740051,614486.8667,0,11,16,0,0,16,0,1
"STEESE","28_1",1,"SAPLING","d","SALIX",4,0.00447228,100,0.111807,65.58453,-144.97688,1.64726,124.8460007,404.0740051,614486.8667,0,11,16,0.25,0,16,0,1
"STEESE","28_1",1,"TREE","d","ALCR",0,0,0,0,65.58453,-144.97688,1.64726,124.8460007,404.0740051,614486.8667,0,11,16,0,0,16,0,1
"STEESE","28_1",1,"TREE","d","ARCT",0,0,0,0,65.58453,-144.97688,1.64726,124.8460007,404.0740051,614486.8667,0,11,16,0,0,16,0,1
"STEESE","28_1",1,"TREE","d","BENE",0,0,0,0,65.58453,-144.97688,1.64726,124.8460007,404.0740051,614486.8667,0,11,16,0,0,16,0,1
"STEESE","28_1",1,"TREE","c","PIME",0,0,0,0,65.58453,-144.97688,1.64726,124.8460007,404.0740051,614486.8667,0,11,16,0,0,16,0,1
"STEESE","28_1",1,"TREE","d","POBA",0,0,0,0,65.58453,-144.97688,1.64726,124.8460007,404.0740051,614486.8667,0,11,16,0,0,16,0,1
"STEESE","28_1",1,"TREE","d","POTR",0,0,0,0,65.58453,-144.97688,1.64726,124.8460007,404.0740051,614486.8667,0,11,16,0,0,16,0,1
"STEESE","28_1",1,"TREE","d","SALIX",0,0,0,0,65.58453,-144.97688,1.64726,124.8460007,404.0740051,614486.8667,0,11,16,0,0,16,0,1
"STEESE","29_1",1,"SAPLING","d","ALCR",0,0,0,0,65.58229,-145.0013,1.31306,106.7470016,411.6220093,615269.6914,0,11,36,0,0,36,0,1
"STEESE","29_1",1,"SAPLING","d","ARCT",0,0,0,0,65.58229,-145.0013,1.31306,106.7470016,411.6220093,615269.6914,0,11,36,0,0,36,0,1
"STEESE","29_1",1,"SAPLING","d","BENE",24,1.32543108,600,33.135777,65.58229,-145.0013,1.31306,106.7470016,411.6220093,615269.6914,0,11,36,0.666666666666667,0,36,0,1
"STEESE","29_1",1,"SAPLING","c","PIME",0,0,0,0,65.58229,-145.0013,1.31306,106.7470016,411.6220093,615269.6914,0,11,36,0,0,36,0,1
"STEESE","29_1",1,"SAPLING","d","POBA",0,0,0,0,65.58229,-145.0013,1.31306,106.7470016,411.6220093,615269.6914,0,11,36,0,0,36,0,1
"STEESE","29_1",1,"SAPLING","d","POTR",0,0,0,0,65.58229,-145.0013,1.31306,106.7470016,411.6220093,615269.6914,0,11,36,0,0,36,0,1
"STEESE","29_1",1,"SAPLING","d","SALIX",9,0.00692658,225,0.1731645,65.58229,-145.0013,1.31306,106.7470016,411.6220093,615269.6914,0,11,36,0.25,0,36,0,1
"STEESE","29_1",1,"TREE","d","ALCR",0,0,0,0,65.58229,-145.0013,1.31306,106.7470016,411.6220093,615269.6914,0,11,36,0,0,36,0,1
"STEESE","29_1",1,"TREE","d","ARCT",0,0,0,0,65.58229,-145.0013,1.31306,106.7470016,411.6220093,615269.6914,0,11,36,0,0,36,0,1
"STEESE","29_1",1,"TREE","d","BENE",3,1.27029114,75,31.7572785,65.58229,-145.0013,1.31306,106.7470016,411.6220093,615269.6914,0,11,36,0.0833333333333333,0,36,0,1
"STEESE","29_1",1,"TREE","c","PIME",0,0,0,0,65.58229,-145.0013,1.31306,106.7470016,411.6220093,615269.6914,0,11,36,0,0,36,0,1
"STEESE","29_1",1,"TREE","d","POBA",0,0,0,0,65.58229,-145.0013,1.31306,106.7470016,411.6220093,615269.6914,0,11,36,0,0,36,0,1
"STEESE","29_1",1,"TREE","d","POTR",0,0,0,0,65.58229,-145.0013,1.31306,106.7470016,411.6220093,615269.6914,0,11,36,0,0,36,0,1
"STEESE","29_1",1,"TREE","d","SALIX",0,0,0,0,65.58229,-145.0013,1.31306,106.7470016,411.6220093,615269.6914,0,11,36,0,0,36,0,1
"STEESE","33_1",1,"SAPLING","d","ALCR",2,0.14136768,50,3.534192,65.58279,-144.99422,2.1331899,131.6660004,408.3590088,615002.8692,0,8.5,26,0.0769230769230769,18,8,0.692307692307692,0.307692307692308
"STEESE","33_1",1,"SAPLING","d","ARCT",0,0,0,0,65.58279,-144.99422,2.1331899,131.6660004,408.3590088,615002.8692,0,8.5,26,0,18,8,0.692307692307692,0.307692307692308
"STEESE","33_1",1,"SAPLING","d","BENE",0,0,0,0,65.58279,-144.99422,2.1331899,131.6660004,408.3590088,615002.8692,0,8.5,26,0,18,8,0.692307692307692,0.307692307692308
"STEESE","33_1",1,"SAPLING","c","PIME",10,2.42659368,250,60.664842,65.58279,-144.99422,2.1331899,131.6660004,408.3590088,615002.8692,0,8.5,26,0.384615384615385,18,8,0.692307692307692,0.307692307692308
"STEESE","33_1",1,"SAPLING","d","POBA",0,0,0,0,65.58279,-144.99422,2.1331899,131.6660004,408.3590088,615002.8692,0,8.5,26,0,18,8,0.692307692307692,0.307692307692308
"STEESE","33_1",1,"SAPLING","d","POTR",0,0,0,0,65.58279,-144.99422,2.1331899,131.6660004,408.3590088,615002.8692,0,8.5,26,0,18,8,0.692307692307692,0.307692307692308
"STEESE","33_1",1,"SAPLING","d","SALIX",4,0.0616302,100,1.540755,65.58279,-144.99422,2.1331899,131.6660004,408.3590088,615002.8692,0,8.5,26,0.153846153846154,18,8,0.692307692307692,0.307692307692308
"STEESE","33_1",1,"TREE","d","ALCR",2,0.14136768,50,3.534192,65.58279,-144.99422,2.1331899,131.6660004,408.3590088,615002.8692,0,8.5,26,0.0769230769230769,18,8,0.692307692307692,0.307692307692308
"STEESE","33_1",1,"TREE","d","ARCT",0,0,0,0,65.58279,-144.99422,2.1331899,131.6660004,408.3590088,615002.8692,0,8.5,26,0,18,8,0.692307692307692,0.307692307692308
"STEESE","33_1",1,"TREE","d","BENE",0,0,0,0,65.58279,-144.99422,2.1331899,131.6660004,408.3590088,615002.8692,0,8.5,26,0,18,8,0.692307692307692,0.307692307692308
"STEESE","33_1",1,"TREE","c","PIME",8,2.3986692,200,59.96673,65.58279,-144.99422,2.1331899,131.6660004,408.3590088,615002.8692,0,8.5,26,0.307692307692308,18,8,0.692307692307692,0.307692307692308
"STEESE","33_1",1,"TREE","d","POBA",0,0,0,0,65.58279,-144.99422,2.1331899,131.6660004,408.3590088,615002.8692,0,8.5,26,0,18,8,0.692307692307692,0.307692307692308
"STEESE","33_1",1,"TREE","d","POTR",0,0,0,0,65.58279,-144.99422,2.1331899,131.6660004,408.3590088,615002.8692,0,8.5,26,0,18,8,0.692307692307692,0.307692307692308
"STEESE","33_1",1,"TREE","d","SALIX",0,0,0,0,65.58279,-144.99422,2.1331899,131.6660004,408.3590088,615002.8692,0,8.5,26,0,18,8,0.692307692307692,0.307692307692308
"STEESE","36_1",1,"SAPLING","d","ALCR",0,0,0,0,65.56454,-144.92126,2.49541,58.3437004,367.7340088,610879.8979,0,12.6,8,0,0,8,0,1
"STEESE","36_1",1,"SAPLING","d","ARCT",0,0,0,0,65.56454,-144.92126,2.49541,58.3437004,367.7340088,610879.8979,0,12.6,8,0,0,8,0,1
"STEESE","36_1",1,"SAPLING","d","BENE",0,0,0,0,65.56454,-144.92126,2.49541,58.3437004,367.7340088,610879.8979,0,12.6,8,0,0,8,0,1
"STEESE","36_1",1,"SAPLING","c","PIME",0,0,0,0,65.56454,-144.92126,2.49541,58.3437004,367.7340088,610879.8979,0,12.6,8,0,0,8,0,1
"STEESE","36_1",1,"SAPLING","d","POBA",0,0,0,0,65.56454,-144.92126,2.49541,58.3437004,367.7340088,610879.8979,0,12.6,8,0,0,8,0,1
"STEESE","36_1",1,"SAPLING","d","POTR",0,0,0,0,65.56454,-144.92126,2.49541,58.3437004,367.7340088,610879.8979,0,12.6,8,0,0,8,0,1
"STEESE","36_1",1,"SAPLING","d","SALIX",7,0.12784176,175,3.196044,65.56454,-144.92126,2.49541,58.3437004,367.7340088,610879.8979,0,12.6,8,0.875,0,8,0,1
"STEESE","36_1",1,"TREE","d","ALCR",0,0,0,0,65.56454,-144.92126,2.49541,58.3437004,367.7340088,610879.8979,0,12.6,8,0,0,8,0,1
"STEESE","36_1",1,"TREE","d","ARCT",0,0,0,0,65.56454,-144.92126,2.49541,58.3437004,367.7340088,610879.8979,0,12.6,8,0,0,8,0,1
"STEESE","36_1",1,"TREE","d","BENE",0,0,0,0,65.56454,-144.92126,2.49541,58.3437004,367.7340088,610879.8979,0,12.6,8,0,0,8,0,1
"STEESE","36_1",1,"TREE","c","PIME",0,0,0,0,65.56454,-144.92126,2.49541,58.3437004,367.7340088,610879.8979,0,12.6,8,0,0,8,0,1
"STEESE","36_1",1,"TREE","d","POBA",0,0,0,0,65.56454,-144.92126,2.49541,58.3437004,367.7340088,610879.8979,0,12.6,8,0,0,8,0,1
"STEESE","36_1",1,"TREE","d","POTR",0,0,0,0,65.56454,-144.92126,2.49541,58.3437004,367.7340088,610879.8979,0,12.6,8,0,0,8,0,1
"STEESE","36_1",1,"TREE","d","SALIX",1,0.0668115,25,1.6702875,65.56454,-144.92126,2.49541,58.3437004,367.7340088,610879.8979,0,12.6,8,0.125,0,8,0,1
"STEESE","5_1",1,"SAPLING","d","ALCR",2,0.44510094,50,11.1275235,65.5869,-144.98392,1.47034,115.8499985,409.2749939,615125.2874,0,11.4,15,0.133333333333333,0,15,0,1
"STEESE","5_1",1,"SAPLING","d","ARCT",1,0.04275936,25,1.068984,65.5869,-144.98392,1.47034,115.8499985,409.2749939,615125.2874,0,11.4,15,0.0666666666666667,0,15,0,1
"STEESE","5_1",1,"SAPLING","d","BENE",8,0.11900628,200,2.975157,65.5869,-144.98392,1.47034,115.8499985,409.2749939,615125.2874,0,11.4,15,0.533333333333333,0,15,0,1
"STEESE","5_1",1,"SAPLING","c","PIME",0,0,0,0,65.5869,-144.98392,1.47034,115.8499985,409.2749939,615125.2874,0,11.4,15,0,0,15,0,1
"STEESE","5_1",1,"SAPLING","d","POBA",0,0,0,0,65.5869,-144.98392,1.47034,115.8499985,409.2749939,615125.2874,0,11.4,15,0,0,15,0,1
"STEESE","5_1",1,"SAPLING","d","POTR",0,0,0,0,65.5869,-144.98392,1.47034,115.8499985,409.2749939,615125.2874,0,11.4,15,0,0,15,0,1
"STEESE","5_1",1,"SAPLING","d","SALIX",0,0,0,0,65.5869,-144.98392,1.47034,115.8499985,409.2749939,615125.2874,0,11.4,15,0,0,15,0,1
"STEESE","5_1",1,"TREE","d","ALCR",2,0.44510094,50,11.1275235,65.5869,-144.98392,1.47034,115.8499985,409.2749939,615125.2874,0,11.4,15,0.133333333333333,0,15,0,1
"STEESE","5_1",1,"TREE","d","ARCT",1,0.04275936,25,1.068984,65.5869,-144.98392,1.47034,115.8499985,409.2749939,615125.2874,0,11.4,15,0.0666666666666667,0,15,0,1
"STEESE","5_1",1,"TREE","d","BENE",1,0.06304824,25,1.576206,65.5869,-144.98392,1.47034,115.8499985,409.2749939,615125.2874,0,11.4,15,0.0666666666666667,0,15,0,1
"STEESE","5_1",1,"TREE","c","PIME",0,0,0,0,65.5869,-144.98392,1.47034,115.8499985,409.2749939,615125.2874,0,11.4,15,0,0,15,0,1
"STEESE","5_1",1,"TREE","d","POBA",0,0,0,0,65.5869,-144.98392,1.47034,115.8499985,409.2749939,615125.2874,0,11.4,15,0,0,15,0,1
"STEESE","5_1",1,"TREE","d","POTR",0,0,0,0,65.5869,-144.98392,1.47034,115.8499985,409.2749939,615125.2874,0,11.4,15,0,0,15,0,1
"STEESE","5_1",1,"TREE","d","SALIX",0,0,0,0,65.5869,-144.98392,1.47034,115.8499985,409.2749939,615125.2874,0,11.4,15,0,0,15,0,1
"STEESE","19_2",2,"SAPLING","d","ALCR",0,0,0,0,65.58894,-144.97484,0.339272,189.8070068,406.8299866,614924.3855,0.3,9.6,14,0,0,14,0,1
"STEESE","19_2",2,"SAPLING","d","ARCT",0,0,0,0,65.58894,-144.97484,0.339272,189.8070068,406.8299866,614924.3855,0.3,9.6,14,0,0,14,0,1
"STEESE","19_2",2,"SAPLING","d","BENE",0,0,0,0,65.58894,-144.97484,0.339272,189.8070068,406.8299866,614924.3855,0.3,9.6,14,0,0,14,0,1
"STEESE","19_2",2,"SAPLING","c","PIME",0,0,0,0,65.58894,-144.97484,0.339272,189.8070068,406.8299866,614924.3855,0.3,9.6,14,0,0,14,0,1
"STEESE","19_2",2,"SAPLING","d","POBA",0,0,0,0,65.58894,-144.97484,0.339272,189.8070068,406.8299866,614924.3855,0.3,9.6,14,0,0,14,0,1
"STEESE","19_2",2,"SAPLING","d","POTR",2,0.00098172,50,0.024543,65.58894,-144.97484,0.339272,189.8070068,406.8299866,614924.3855,0.3,9.6,14,0.142857142857143,0,14,0,1
"STEESE","19_2",2,"SAPLING","d","SALIX",8,0.02214324,200,0.553581,65.58894,-144.97484,0.339272,189.8070068,406.8299866,614924.3855,0.3,9.6,14,0.571428571428571,0,14,0,1
"STEESE","19_2",2,"TREE","d","ALCR",0,0,0,0,65.58894,-144.97484,0.339272,189.8070068,406.8299866,614924.3855,0.3,9.6,14,0,0,14,0,1
"STEESE","19_2",2,"TREE","d","ARCT",0,0,0,0,65.58894,-144.97484,0.339272,189.8070068,406.8299866,614924.3855,0.3,9.6,14,0,0,14,0,1
"STEESE","19_2",2,"TREE","d","BENE",2,0.12609648,50,3.152412,65.58894,-144.97484,0.339272,189.8070068,406.8299866,614924.3855,0.3,9.6,14,0.142857142857143,0,14,0,1
"STEESE","19_2",2,"TREE","c","PIME",0,0,0,0,65.58894,-144.97484,0.339272,189.8070068,406.8299866,614924.3855,0.3,9.6,14,0,0,14,0,1
"STEESE","19_2",2,"TREE","d","POBA",0,0,0,0,65.58894,-144.97484,0.339272,189.8070068,406.8299866,614924.3855,0.3,9.6,14,0,0,14,0,1
"STEESE","19_2",2,"TREE","d","POTR",0,0,0,0,65.58894,-144.97484,0.339272,189.8070068,406.8299866,614924.3855,0.3,9.6,14,0,0,14,0,1
"STEESE","19_2",2,"TREE","d","SALIX",2,0.92325312,50,23.081328,65.58894,-144.97484,0.339272,189.8070068,406.8299866,614924.3855,0.3,9.6,14,0.142857142857143,0,14,0,1
"STEESE","26_2",2,"SAPLING","d","ALCR",7,0.12255138,175,3.0637845,65.58922,-144.95374,0.660417,36.3540993,397.9169922,614069.5701,0,13,36,0.194444444444444,1,35,0.0277777777777778,0.972222222222222
"STEESE","26_2",2,"SAPLING","d","ARCT",0,0,0,0,65.58922,-144.95374,0.660417,36.3540993,397.9169922,614069.5701,0,13,36,0,1,35,0.0277777777777778,0.972222222222222
"STEESE","26_2",2,"SAPLING","d","BENE",21,0.07477434,525,1.8693585,65.58922,-144.95374,0.660417,36.3540993,397.9169922,614069.5701,0,13,36,0.583333333333333,1,35,0.0277777777777778,0.972222222222222
"STEESE","26_2",2,"SAPLING","c","PIME",1,0.00349056,25,0.087264,65.58922,-144.95374,0.660417,36.3540993,397.9169922,614069.5701,0,13,36,0.0277777777777778,1,35,0.0277777777777778,0.972222222222222
"STEESE","26_2",2,"SAPLING","d","POBA",0,0,0,0,65.58922,-144.95374,0.660417,36.3540993,397.9169922,614069.5701,0,13,36,0,1,35,0.0277777777777778,0.972222222222222
"STEESE","26_2",2,"SAPLING","d","POTR",1,5.45e-05,25,0.0013635,65.58922,-144.95374,0.660417,36.3540993,397.9169922,614069.5701,0,13,36,0.0277777777777778,1,35,0.0277777777777778,0.972222222222222
"STEESE","26_2",2,"SAPLING","d","SALIX",4,0.0062721,100,0.1568025,65.58922,-144.95374,0.660417,36.3540993,397.9169922,614069.5701,0,13,36,0.111111111111111,1,35,0.0277777777777778,0.972222222222222
"STEESE","26_2",2,"TREE","d","ALCR",2,0.27444528,50,6.861132,65.58922,-144.95374,0.660417,36.3540993,397.9169922,614069.5701,0,13,36,0.0555555555555556,1,35,0.0277777777777778,0.972222222222222
"STEESE","26_2",2,"TREE","d","ARCT",0,0,0,0,65.58922,-144.95374,0.660417,36.3540993,397.9169922,614069.5701,0,13,36,0,1,35,0.0277777777777778,0.972222222222222
"STEESE","26_2",2,"TREE","d","BENE",0,0,0,0,65.58922,-144.95374,0.660417,36.3540993,397.9169922,614069.5701,0,13,36,0,1,35,0.0277777777777778,0.972222222222222
"STEESE","26_2",2,"TREE","c","PIME",0,0,0,0,65.58922,-144.95374,0.660417,36.3540993,397.9169922,614069.5701,0,13,36,0,1,35,0.0277777777777778,0.972222222222222
"STEESE","26_2",2,"TREE","d","POBA",0,0,0,0,65.58922,-144.95374,0.660417,36.3540993,397.9169922,614069.5701,0,13,36,0,1,35,0.0277777777777778,0.972222222222222
"STEESE","26_2",2,"TREE","d","POTR",0,0,0,0,65.58922,-144.95374,0.660417,36.3540993,397.9169922,614069.5701,0,13,36,0,1,35,0.0277777777777778,0.972222222222222
"STEESE","26_2",2,"TREE","d","SALIX",0,0,0,0,65.58922,-144.95374,0.660417,36.3540993,397.9169922,614069.5701,0,13,36,0,1,35,0.0277777777777778,0.972222222222222
"STEESE","27_2",2,"SAPLING","d","ALCR",0,0,0,0,65.58768,-144.97264,1.46521,96.3998032,404.8529968,614624.8976,0.5,9.6,14,0,0,14,0,1
"STEESE","27_2",2,"SAPLING","d","ARCT",0,0,0,0,65.58768,-144.97264,1.46521,96.3998032,404.8529968,614624.8976,0.5,9.6,14,0,0,14,0,1
"STEESE","27_2",2,"SAPLING","d","BENE",12,0.02061612,300,0.515403,65.58768,-144.97264,1.46521,96.3998032,404.8529968,614624.8976,0.5,9.6,14,0.857142857142857,0,14,0,1
"STEESE","27_2",2,"SAPLING","c","PIME",0,0,0,0,65.58768,-144.97264,1.46521,96.3998032,404.8529968,614624.8976,0.5,9.6,14,0,0,14,0,1
"STEESE","27_2",2,"SAPLING","d","POBA",0,0,0,0,65.58768,-144.97264,1.46521,96.3998032,404.8529968,614624.8976,0.5,9.6,14,0,0,14,0,1
"STEESE","27_2",2,"SAPLING","d","POTR",0,0,0,0,65.58768,-144.97264,1.46521,96.3998032,404.8529968,614624.8976,0.5,9.6,14,0,0,14,0,1
"STEESE","27_2",2,"SAPLING","d","SALIX",2,0.0024543,50,0.0613575,65.58768,-144.97264,1.46521,96.3998032,404.8529968,614624.8976,0.5,9.6,14,0.142857142857143,0,14,0,1
"STEESE","27_2",2,"TREE","d","ALCR",0,0,0,0,65.58768,-144.97264,1.46521,96.3998032,404.8529968,614624.8976,0.5,9.6,14,0,0,14,0,1
"STEESE","27_2",2,"TREE","d","ARCT",0,0,0,0,65.58768,-144.97264,1.46521,96.3998032,404.8529968,614624.8976,0.5,9.6,14,0,0,14,0,1
"STEESE","27_2",2,"TREE","d","BENE",0,0,0,0,65.58768,-144.97264,1.46521,96.3998032,404.8529968,614624.8976,0.5,9.6,14,0,0,14,0,1
"STEESE","27_2",2,"TREE","c","PIME",0,0,0,0,65.58768,-144.97264,1.46521,96.3998032,404.8529968,614624.8976,0.5,9.6,14,0,0,14,0,1
"STEESE","27_2",2,"TREE","d","POBA",0,0,0,0,65.58768,-144.97264,1.46521,96.3998032,404.8529968,614624.8976,0.5,9.6,14,0,0,14,0,1
"STEESE","27_2",2,"TREE","d","POTR",0,0,0,0,65.58768,-144.97264,1.46521,96.3998032,404.8529968,614624.8976,0.5,9.6,14,0,0,14,0,1
"STEESE","27_2",2,"TREE","d","SALIX",0,0,0,0,65.58768,-144.97264,1.46521,96.3998032,404.8529968,614624.8976,0.5,9.6,14,0,0,14,0,1
"STEESE","3_2",2,"SAPLING","d","ALCR",0,0,0,0,65.58942,-144.9704,0.517824,60.4464989,404.8940125,614740.9913,0.5,11,15,0,0,15,0,1
"STEESE","3_2",2,"SAPLING","d","ARCT",3,0.02110698,75,0.5276745,65.58942,-144.9704,0.517824,60.4464989,404.8940125,614740.9913,0.5,11,15,0.2,0,15,0,1
"STEESE","3_2",2,"SAPLING","d","BENE",8,0.0177255,200,0.4431375,65.58942,-144.9704,0.517824,60.4464989,404.8940125,614740.9913,0.5,11,15,0.533333333333333,0,15,0,1
"STEESE","3_2",2,"SAPLING","c","PIME",0,0,0,0,65.58942,-144.9704,0.517824,60.4464989,404.8940125,614740.9913,0.5,11,15,0,0,15,0,1
"STEESE","3_2",2,"SAPLING","d","POBA",0,0,0,0,65.58942,-144.9704,0.517824,60.4464989,404.8940125,614740.9913,0.5,11,15,0,0,15,0,1
"STEESE","3_2",2,"SAPLING","d","POTR",3,0.00114534,75,0.0286335,65.58942,-144.9704,0.517824,60.4464989,404.8940125,614740.9913,0.5,11,15,0.2,0,15,0,1
"STEESE","3_2",2,"SAPLING","d","SALIX",0,0,0,0,65.58942,-144.9704,0.517824,60.4464989,404.8940125,614740.9913,0.5,11,15,0,0,15,0,1
"STEESE","3_2",2,"TREE","d","ALCR",0,0,0,0,65.58942,-144.9704,0.517824,60.4464989,404.8940125,614740.9913,0.5,11,15,0,0,15,0,1
"STEESE","3_2",2,"TREE","d","ARCT",0,0,0,0,65.58942,-144.9704,0.517824,60.4464989,404.8940125,614740.9913,0.5,11,15,0,0,15,0,1
"STEESE","3_2",2,"TREE","d","BENE",1,0.05584896,25,1.396224,65.58942,-144.9704,0.517824,60.4464989,404.8940125,614740.9913,0.5,11,15,0.0666666666666667,0,15,0,1
"STEESE","3_2",2,"TREE","c","PIME",0,0,0,0,65.58942,-144.9704,0.517824,60.4464989,404.8940125,614740.9913,0.5,11,15,0,0,15,0,1
"STEESE","3_2",2,"TREE","d","POBA",0,0,0,0,65.58942,-144.9704,0.517824,60.4464989,404.8940125,614740.9913,0.5,11,15,0,0,15,0,1
"STEESE","3_2",2,"TREE","d","POTR",0,0,0,0,65.58942,-144.9704,0.517824,60.4464989,404.8940125,614740.9913,0.5,11,15,0,0,15,0,1
"STEESE","3_2",2,"TREE","d","SALIX",0,0,0,0,65.58942,-144.9704,0.517824,60.4464989,404.8940125,614740.9913,0.5,11,15,0,0,15,0,1
"STEESE","34_2",2,"SAPLING","d","ALCR",0,0,0,0,65.58088,-145.03844,0.618209,162.3209991,427.9970093,617110.4042,0,2.6,138,0,0,138,0,1
"STEESE","34_2",2,"SAPLING","d","ARCT",0,0,0,0,65.58088,-145.03844,0.618209,162.3209991,427.9970093,617110.4042,0,2.6,138,0,0,138,0,1
"STEESE","34_2",2,"SAPLING","d","BENE",15,0.16258374,375,4.0645935,65.58088,-145.03844,0.618209,162.3209991,427.9970093,617110.4042,0,2.6,138,0.108695652173913,0,138,0,1
"STEESE","34_2",2,"SAPLING","c","PIME",0,0,0,0,65.58088,-145.03844,0.618209,162.3209991,427.9970093,617110.4042,0,2.6,138,0,0,138,0,1
"STEESE","34_2",2,"SAPLING","d","POBA",0,0,0,0,65.58088,-145.03844,0.618209,162.3209991,427.9970093,617110.4042,0,2.6,138,0,0,138,0,1
"STEESE","34_2",2,"SAPLING","d","POTR",3,0.00452682,75,0.1131705,65.58088,-145.03844,0.618209,162.3209991,427.9970093,617110.4042,0,2.6,138,0.0217391304347826,0,138,0,1
"STEESE","34_2",2,"SAPLING","d","SALIX",118,0.41717646,2950,10.4294115,65.58088,-145.03844,0.618209,162.3209991,427.9970093,617110.4042,0,2.6,138,0.855072463768116,0,138,0,1
"STEESE","34_2",2,"TREE","d","ALCR",0,0,0,0,65.58088,-145.03844,0.618209,162.3209991,427.9970093,617110.4042,0,2.6,138,0,0,138,0,1
"STEESE","34_2",2,"TREE","d","ARCT",0,0,0,0,65.58088,-145.03844,0.618209,162.3209991,427.9970093,617110.4042,0,2.6,138,0,0,138,0,1
"STEESE","34_2",2,"TREE","d","BENE",1,0.13635,25,3.40875,65.58088,-145.03844,0.618209,162.3209991,427.9970093,617110.4042,0,2.6,138,0.0072463768115942,0,138,0,1
"STEESE","34_2",2,"TREE","c","PIME",0,0,0,0,65.58088,-145.03844,0.618209,162.3209991,427.9970093,617110.4042,0,2.6,138,0,0,138,0,1
"STEESE","34_2",2,"TREE","d","POBA",0,0,0,0,65.58088,-145.03844,0.618209,162.3209991,427.9970093,617110.4042,0,2.6,138,0,0,138,0,1
"STEESE","34_2",2,"TREE","d","POTR",0,0,0,0,65.58088,-145.03844,0.618209,162.3209991,427.9970093,617110.4042,0,2.6,138,0,0,138,0,1
"STEESE","34_2",2,"TREE","d","SALIX",1,0.03975966,25,0.9939915,65.58088,-145.03844,0.618209,162.3209991,427.9970093,617110.4042,0,2.6,138,0.0072463768115942,0,138,0,1
"STEESE","4_2",2,"SAPLING","d","ALCR",0,0,0,0,65.58785,-144.97032,0.853737,77.2068024,403.696991,614556.4887,1.6,13,8,0,0,8,0,1
"STEESE","4_2",2,"SAPLING","d","ARCT",0,0,0,0,65.58785,-144.97032,0.853737,77.2068024,403.696991,614556.4887,1.6,13,8,0,0,8,0,1
"STEESE","4_2",2,"SAPLING","d","BENE",8,0.02137968,200,0.534492,65.58785,-144.97032,0.853737,77.2068024,403.696991,614556.4887,1.6,13,8,1,0,8,0,1
"STEESE","4_2",2,"SAPLING","c","PIME",0,0,0,0,65.58785,-144.97032,0.853737,77.2068024,403.696991,614556.4887,1.6,13,8,0,0,8,0,1
"STEESE","4_2",2,"SAPLING","d","POBA",0,0,0,0,65.58785,-144.97032,0.853737,77.2068024,403.696991,614556.4887,1.6,13,8,0,0,8,0,1
"STEESE","4_2",2,"SAPLING","d","POTR",0,0,0,0,65.58785,-144.97032,0.853737,77.2068024,403.696991,614556.4887,1.6,13,8,0,0,8,0,1
"STEESE","4_2",2,"SAPLING","d","SALIX",0,0,0,0,65.58785,-144.97032,0.853737,77.2068024,403.696991,614556.4887,1.6,13,8,0,0,8,0,1
"STEESE","4_2",2,"TREE","d","ALCR",0,0,0,0,65.58785,-144.97032,0.853737,77.2068024,403.696991,614556.4887,1.6,13,8,0,0,8,0,1
"STEESE","4_2",2,"TREE","d","ARCT",0,0,0,0,65.58785,-144.97032,0.853737,77.2068024,403.696991,614556.4887,1.6,13,8,0,0,8,0,1
"STEESE","4_2",2,"TREE","d","BENE",0,0,0,0,65.58785,-144.97032,0.853737,77.2068024,403.696991,614556.4887,1.6,13,8,0,0,8,0,1
"STEESE","4_2",2,"TREE","c","PIME",0,0,0,0,65.58785,-144.97032,0.853737,77.2068024,403.696991,614556.4887,1.6,13,8,0,0,8,0,1
"STEESE","4_2",2,"TREE","d","POBA",0,0,0,0,65.58785,-144.97032,0.853737,77.2068024,403.696991,614556.4887,1.6,13,8,0,0,8,0,1
"STEESE","4_2",2,"TREE","d","POTR",0,0,0,0,65.58785,-144.97032,0.853737,77.2068024,403.696991,614556.4887,1.6,13,8,0,0,8,0,1
"STEESE","4_2",2,"TREE","d","SALIX",0,0,0,0,65.58785,-144.97032,0.853737,77.2068024,403.696991,614556.4887,1.6,13,8,0,0,8,0,1
"STEESE","17_3",3,"SAPLING","d","ALCR",0,0,0,0,65.59335,-145.00465,0.941261,105.9840012,422.8439941,616492.1717,0.3,3.4,195,0,1,194,0.00512820512820513,0.994871794871795
"STEESE","17_3",3,"SAPLING","d","ARCT",2,0.00632664,50,0.158166,65.59335,-145.00465,0.941261,105.9840012,422.8439941,616492.1717,0.3,3.4,195,0.0102564102564103,1,194,0.00512820512820513,0.994871794871795
"STEESE","17_3",3,"SAPLING","d","BENE",2,0.0035451,50,0.0886275,65.59335,-145.00465,0.941261,105.9840012,422.8439941,616492.1717,0.3,3.4,195,0.0102564102564103,1,194,0.00512820512820513,0.994871794871795
"STEESE","17_3",3,"SAPLING","c","PIME",1,0.00659934,25,0.1649835,65.59335,-145.00465,0.941261,105.9840012,422.8439941,616492.1717,0.3,3.4,195,0.00512820512820513,1,194,0.00512820512820513,0.994871794871795
"STEESE","17_3",3,"SAPLING","d","POBA",0,0,0,0,65.59335,-145.00465,0.941261,105.9840012,422.8439941,616492.1717,0.3,3.4,195,0,1,194,0.00512820512820513,0.994871794871795
"STEESE","17_3",3,"SAPLING","d","POTR",105,1.70742924,2625,42.685731,65.59335,-145.00465,0.941261,105.9840012,422.8439941,616492.1717,0.3,3.4,195,0.538461538461538,1,194,0.00512820512820513,0.994871794871795
"STEESE","17_3",3,"SAPLING","d","SALIX",72,0.9214533,1800,23.0363325,65.59335,-145.00465,0.941261,105.9840012,422.8439941,616492.1717,0.3,3.4,195,0.369230769230769,1,194,0.00512820512820513,0.994871794871795
"STEESE","17_3",3,"TREE","d","ALCR",0,0,0,0,65.59335,-145.00465,0.941261,105.9840012,422.8439941,616492.1717,0.3,3.4,195,0,1,194,0.00512820512820513,0.994871794871795
"STEESE","17_3",3,"TREE","d","ARCT",0,0,0,0,65.59335,-145.00465,0.941261,105.9840012,422.8439941,616492.1717,0.3,3.4,195,0,1,194,0.00512820512820513,0.994871794871795
"STEESE","17_3",3,"TREE","d","BENE",0,0,0,0,65.59335,-145.00465,0.941261,105.9840012,422.8439941,616492.1717,0.3,3.4,195,0,1,194,0.00512820512820513,0.994871794871795
"STEESE","17_3",3,"TREE","c","PIME",0,0,0,0,65.59335,-145.00465,0.941261,105.9840012,422.8439941,616492.1717,0.3,3.4,195,0,1,194,0.00512820512820513,0.994871794871795
"STEESE","17_3",3,"TREE","d","POBA",0,0,0,0,65.59335,-145.00465,0.941261,105.9840012,422.8439941,616492.1717,0.3,3.4,195,0,1,194,0.00512820512820513,0.994871794871795
"STEESE","17_3",3,"TREE","d","POTR",8,0.9675396,200,24.18849,65.59335,-145.00465,0.941261,105.9840012,422.8439941,616492.1717,0.3,3.4,195,0.041025641025641,1,194,0.00512820512820513,0.994871794871795
"STEESE","17_3",3,"TREE","d","SALIX",5,0.7785585,125,19.4639625,65.59335,-145.00465,0.941261,105.9840012,422.8439941,616492.1717,0.3,3.4,195,0.0256410256410256,1,194,0.00512820512820513,0.994871794871795
"STEESE","2_3",3,"SAPLING","d","ALCR",0,0,0,0,65.5891,-145.00218,1.27923,109.0019989,419.6220093,616109.9153,1.8,1.6,69,0,0,69,0,1
"STEESE","2_3",3,"SAPLING","d","ARCT",0,0,0,0,65.5891,-145.00218,1.27923,109.0019989,419.6220093,616109.9153,1.8,1.6,69,0,0,69,0,1
"STEESE","2_3",3,"SAPLING","d","BENE",3,0.11049804,75,2.762451,65.5891,-145.00218,1.27923,109.0019989,419.6220093,616109.9153,1.8,1.6,69,0.0434782608695652,0,69,0,1
"STEESE","2_3",3,"SAPLING","c","PIME",0,0,0,0,65.5891,-145.00218,1.27923,109.0019989,419.6220093,616109.9153,1.8,1.6,69,0,0,69,0,1
"STEESE","2_3",3,"SAPLING","d","POBA",0,0,0,0,65.5891,-145.00218,1.27923,109.0019989,419.6220093,616109.9153,1.8,1.6,69,0,0,69,0,1
"STEESE","2_3",3,"SAPLING","d","POTR",29,0.55734426,725,13.9336065,65.5891,-145.00218,1.27923,109.0019989,419.6220093,616109.9153,1.8,1.6,69,0.420289855072464,0,69,0,1
"STEESE","2_3",3,"SAPLING","d","SALIX",11,0.05743062,275,1.4357655,65.5891,-145.00218,1.27923,109.0019989,419.6220093,616109.9153,1.8,1.6,69,0.159420289855072,0,69,0,1
"STEESE","2_3",3,"TREE","d","ALCR",0,0,0,0,65.5891,-145.00218,1.27923,109.0019989,419.6220093,616109.9153,1.8,1.6,69,0,0,69,0,1
"STEESE","2_3",3,"TREE","d","ARCT",0,0,0,0,65.5891,-145.00218,1.27923,109.0019989,419.6220093,616109.9153,1.8,1.6,69,0,0,69,0,1
"STEESE","2_3",3,"TREE","d","BENE",2,0.10957086,50,2.7392715,65.5891,-145.00218,1.27923,109.0019989,419.6220093,616109.9153,1.8,1.6,69,0.0289855072463768,0,69,0,1
"STEESE","2_3",3,"TREE","c","PIME",0,0,0,0,65.5891,-145.00218,1.27923,109.0019989,419.6220093,616109.9153,1.8,1.6,69,0,0,69,0,1
"STEESE","2_3",3,"TREE","d","POBA",0,0,0,0,65.5891,-145.00218,1.27923,109.0019989,419.6220093,616109.9153,1.8,1.6,69,0,0,69,0,1
"STEESE","2_3",3,"TREE","d","POTR",21,2.27529972,525,56.882493,65.5891,-145.00218,1.27923,109.0019989,419.6220093,616109.9153,1.8,1.6,69,0.304347826086957,0,69,0,1
"STEESE","2_3",3,"TREE","d","SALIX",3,0.15522084,75,3.880521,65.5891,-145.00218,1.27923,109.0019989,419.6220093,616109.9153,1.8,1.6,69,0.0434782608695652,0,69,0,1
"STEESE","22_3",3,"SAPLING","d","ALCR",0,0,0,0,65.59493,-145.01591,0.650052,117.7919998,428.9719849,617098.0506,0.9,6,159,0,1,158,0.00628930817610063,0.993710691823899
"STEESE","22_3",3,"SAPLING","d","ARCT",3,0.00616302,75,0.1540755,65.59493,-145.01591,0.650052,117.7919998,428.9719849,617098.0506,0.9,6,159,0.0188679245283019,1,158,0.00628930817610063,0.993710691823899
"STEESE","22_3",3,"SAPLING","d","BENE",15,0.09266346,375,2.3165865,65.59493,-145.01591,0.650052,117.7919998,428.9719849,617098.0506,0.9,6,159,0.0943396226415094,1,158,0.00628930817610063,0.993710691823899
"STEESE","22_3",3,"SAPLING","c","PIME",1,0.00441774,25,0.1104435,65.59493,-145.01591,0.650052,117.7919998,428.9719849,617098.0506,0.9,6,159,0.00628930817610063,1,158,0.00628930817610063,0.993710691823899
"STEESE","22_3",3,"SAPLING","d","POBA",0,0,0,0,65.59493,-145.01591,0.650052,117.7919998,428.9719849,617098.0506,0.9,6,159,0,1,158,0.00628930817610063,0.993710691823899
"STEESE","22_3",3,"SAPLING","d","POTR",57,0.8003745,1425,20.0093625,65.59493,-145.01591,0.650052,117.7919998,428.9719849,617098.0506,0.9,6,159,0.358490566037736,1,158,0.00628930817610063,0.993710691823899
"STEESE","22_3",3,"SAPLING","d","SALIX",65,0.84477006,1625,21.1192515,65.59493,-145.01591,0.650052,117.7919998,428.9719849,617098.0506,0.9,6,159,0.408805031446541,1,158,0.00628930817610063,0.993710691823899
"STEESE","22_3",3,"TREE","d","ALCR",0,0,0,0,65.59493,-145.01591,0.650052,117.7919998,428.9719849,617098.0506,0.9,6,159,0,1,158,0.00628930817610063,0.993710691823899
"STEESE","22_3",3,"TREE","d","ARCT",0,0,0,0,65.59493,-145.01591,0.650052,117.7919998,428.9719849,617098.0506,0.9,6,159,0,1,158,0.00628930817610063,0.993710691823899
"STEESE","22_3",3,"TREE","d","BENE",2,0.07373808,50,1.843452,65.59493,-145.01591,0.650052,117.7919998,428.9719849,617098.0506,0.9,6,159,0.0125786163522013,1,158,0.00628930817610063,0.993710691823899
"STEESE","22_3",3,"TREE","c","PIME",0,0,0,0,65.59493,-145.01591,0.650052,117.7919998,428.9719849,617098.0506,0.9,6,159,0,1,158,0.00628930817610063,0.993710691823899
"STEESE","22_3",3,"TREE","d","POBA",0,0,0,0,65.59493,-145.01591,0.650052,117.7919998,428.9719849,617098.0506,0.9,6,159,0,1,158,0.00628930817610063,0.993710691823899
"STEESE","22_3",3,"TREE","d","POTR",7,0.3943242,175,9.858105,65.59493,-145.01591,0.650052,117.7919998,428.9719849,617098.0506,0.9,6,159,0.0440251572327044,1,158,0.00628930817610063,0.993710691823899
"STEESE","22_3",3,"TREE","d","SALIX",9,1.05774876,225,26.443719,65.59493,-145.01591,0.650052,117.7919998,428.9719849,617098.0506,0.9,6,159,0.0566037735849057,1,158,0.00628930817610063,0.993710691823899
"STEESE","23_3",3,"SAPLING","d","ALCR",0,0,0,0,65.59009,-145.00854,0.504181,108.2969971,421.7950134,616410.7035,1.3,4,28,0,0,28,0,1
"STEESE","23_3",3,"SAPLING","d","ARCT",0,0,0,0,65.59009,-145.00854,0.504181,108.2969971,421.7950134,616410.7035,1.3,4,28,0,0,28,0,1
"STEESE","23_3",3,"SAPLING","d","BENE",3,0.01974348,75,0.493587,65.59009,-145.00854,0.504181,108.2969971,421.7950134,616410.7035,1.3,4,28,0.107142857142857,0,28,0,1
"STEESE","23_3",3,"SAPLING","c","PIME",0,0,0,0,65.59009,-145.00854,0.504181,108.2969971,421.7950134,616410.7035,1.3,4,28,0,0,28,0,1
"STEESE","23_3",3,"SAPLING","d","POBA",0,0,0,0,65.59009,-145.00854,0.504181,108.2969971,421.7950134,616410.7035,1.3,4,28,0,0,28,0,1
"STEESE","23_3",3,"SAPLING","d","POTR",6,0.0640845,150,1.6021125,65.59009,-145.00854,0.504181,108.2969971,421.7950134,616410.7035,1.3,4,28,0.214285714285714,0,28,0,1
"STEESE","23_3",3,"SAPLING","d","SALIX",14,0.11175246,350,2.7938115,65.59009,-145.00854,0.504181,108.2969971,421.7950134,616410.7035,1.3,4,28,0.5,0,28,0,1
"STEESE","23_3",3,"TREE","d","ALCR",0,0,0,0,65.59009,-145.00854,0.504181,108.2969971,421.7950134,616410.7035,1.3,4,28,0,0,28,0,1
"STEESE","23_3",3,"TREE","d","ARCT",0,0,0,0,65.59009,-145.00854,0.504181,108.2969971,421.7950134,616410.7035,1.3,4,28,0,0,28,0,1
"STEESE","23_3",3,"TREE","d","BENE",0,0,0,0,65.59009,-145.00854,0.504181,108.2969971,421.7950134,616410.7035,1.3,4,28,0,0,28,0,1
"STEESE","23_3",3,"TREE","c","PIME",0,0,0,0,65.59009,-145.00854,0.504181,108.2969971,421.7950134,616410.7035,1.3,4,28,0,0,28,0,1
"STEESE","23_3",3,"TREE","d","POBA",0,0,0,0,65.59009,-145.00854,0.504181,108.2969971,421.7950134,616410.7035,1.3,4,28,0,0,28,0,1
"STEESE","23_3",3,"TREE","d","POTR",1,0.04275936,25,1.068984,65.59009,-145.00854,0.504181,108.2969971,421.7950134,616410.7035,1.3,4,28,0.0357142857142857,0,28,0,1
"STEESE","23_3",3,"TREE","d","SALIX",4,0.27329994,100,6.8324985,65.59009,-145.00854,0.504181,108.2969971,421.7950134,616410.7035,1.3,4,28,0.142857142857143,0,28,0,1
"STEESE","24_3",3,"SAPLING","d","ALCR",0,0,0,0,65.58874,-144.99597,0.803482,71.876503,417.1700134,615955.8968,0,1.2,167,0,0,167,0,1
"STEESE","24_3",3,"SAPLING","d","ARCT",0,0,0,0,65.58874,-144.99597,0.803482,71.876503,417.1700134,615955.8968,0,1.2,167,0,0,167,0,1
"STEESE","24_3",3,"SAPLING","d","BENE",2,0.0021816,50,0.05454,65.58874,-144.99597,0.803482,71.876503,417.1700134,615955.8968,0,1.2,167,0.0119760479041916,0,167,0,1
"STEESE","24_3",3,"SAPLING","c","PIME",0,0,0,0,65.58874,-144.99597,0.803482,71.876503,417.1700134,615955.8968,0,1.2,167,0,0,167,0,1
"STEESE","24_3",3,"SAPLING","d","POBA",0,0,0,0,65.58874,-144.99597,0.803482,71.876503,417.1700134,615955.8968,0,1.2,167,0,0,167,0,1
"STEESE","24_3",3,"SAPLING","d","POTR",52,3.1458672,1300,78.64668,65.58874,-144.99597,0.803482,71.876503,417.1700134,615955.8968,0,1.2,167,0.311377245508982,0,167,0,1
"STEESE","24_3",3,"SAPLING","d","SALIX",71,0.36389088,1775,9.097272,65.58874,-144.99597,0.803482,71.876503,417.1700134,615955.8968,0,1.2,167,0.425149700598802,0,167,0,1
"STEESE","24_3",3,"TREE","d","ALCR",0,0,0,0,65.58874,-144.99597,0.803482,71.876503,417.1700134,615955.8968,0,1.2,167,0,0,167,0,1
"STEESE","24_3",3,"TREE","d","ARCT",0,0,0,0,65.58874,-144.99597,0.803482,71.876503,417.1700134,615955.8968,0,1.2,167,0,0,167,0,1
"STEESE","24_3",3,"TREE","d","BENE",1,0.07068384,25,1.767096,65.58874,-144.99597,0.803482,71.876503,417.1700134,615955.8968,0,1.2,167,0.00598802395209581,0,167,0,1
"STEESE","24_3",3,"TREE","c","PIME",0,0,0,0,65.58874,-144.99597,0.803482,71.876503,417.1700134,615955.8968,0,1.2,167,0,0,167,0,1
"STEESE","24_3",3,"TREE","d","POBA",0,0,0,0,65.58874,-144.99597,0.803482,71.876503,417.1700134,615955.8968,0,1.2,167,0,0,167,0,1
"STEESE","24_3",3,"TREE","d","POTR",36,4.17945474,900,104.4863685,65.58874,-144.99597,0.803482,71.876503,417.1700134,615955.8968,0,1.2,167,0.215568862275449,0,167,0,1
"STEESE","24_3",3,"TREE","d","SALIX",5,0.35031042,125,8.7577605,65.58874,-144.99597,0.803482,71.876503,417.1700134,615955.8968,0,1.2,167,0.029940119760479,0,167,0,1
"STEESE","25_3",3,"SAPLING","d","ALCR",0,0,0,0,65.59358,-144.99825,0.472047,121.6279984,420.4249878,616308.4437,2,2.6,97,0,0,97,0,1
"STEESE","25_3",3,"SAPLING","d","ARCT",1,0.01968894,25,0.4922235,65.59358,-144.99825,0.472047,121.6279984,420.4249878,616308.4437,2,2.6,97,0.0103092783505155,0,97,0,1
"STEESE","25_3",3,"SAPLING","d","BENE",0,0,0,0,65.59358,-144.99825,0.472047,121.6279984,420.4249878,616308.4437,2,2.6,97,0,0,97,0,1
"STEESE","25_3",3,"SAPLING","c","PIME",0,0,0,0,65.59358,-144.99825,0.472047,121.6279984,420.4249878,616308.4437,2,2.6,97,0,0,97,0,1
"STEESE","25_3",3,"SAPLING","d","POBA",0,0,0,0,65.59358,-144.99825,0.472047,121.6279984,420.4249878,616308.4437,2,2.6,97,0,0,97,0,1
"STEESE","25_3",3,"SAPLING","d","POTR",33,0.6340275,825,15.8506875,65.59358,-144.99825,0.472047,121.6279984,420.4249878,616308.4437,2,2.6,97,0.34020618556701,0,97,0,1
"STEESE","25_3",3,"SAPLING","d","SALIX",47,0.460863,1175,11.521575,65.59358,-144.99825,0.472047,121.6279984,420.4249878,616308.4437,2,2.6,97,0.484536082474227,0,97,0,1
"STEESE","25_3",3,"TREE","d","ALCR",0,0,0,0,65.59358,-144.99825,0.472047,121.6279984,420.4249878,616308.4437,2,2.6,97,0,0,97,0,1
"STEESE","25_3",3,"TREE","d","ARCT",0,0,0,0,65.59358,-144.99825,0.472047,121.6279984,420.4249878,616308.4437,2,2.6,97,0,0,97,0,1
"STEESE","25_3",3,"TREE","d","BENE",1,0.03975966,25,0.9939915,65.59358,-144.99825,0.472047,121.6279984,420.4249878,616308.4437,2,2.6,97,0.0103092783505155,0,97,0,1
"STEESE","25_3",3,"TREE","c","PIME",0,0,0,0,65.59358,-144.99825,0.472047,121.6279984,420.4249878,616308.4437,2,2.6,97,0,0,97,0,1
"STEESE","25_3",3,"TREE","d","POBA",0,0,0,0,65.59358,-144.99825,0.472047,121.6279984,420.4249878,616308.4437,2,2.6,97,0,0,97,0,1
"STEESE","25_3",3,"TREE","d","POTR",9,0.57828762,225,14.4571905,65.59358,-144.99825,0.472047,121.6279984,420.4249878,616308.4437,2,2.6,97,0.0927835051546392,0,97,0,1
"STEESE","25_3",3,"TREE","d","SALIX",6,0.33438474,150,8.3596185,65.59358,-144.99825,0.472047,121.6279984,420.4249878,616308.4437,2,2.6,97,0.0618556701030928,0,97,0,1
"STEESE","35_3",3,"SAPLING","d","ALCR",1,0.01767096,25,0.441774,65.59224,-144.99461,1.14961,102.7590027,418.0899963,615894.5512,5.1,1.8,57,0.0175438596491228,1,56,0.0175438596491228,0.982456140350877
"STEESE","35_3",3,"SAPLING","d","ARCT",4,0.40457772,100,10.114443,65.59224,-144.99461,1.14961,102.7590027,418.0899963,615894.5512,5.1,1.8,57,0.0701754385964912,1,56,0.0175438596491228,0.982456140350877
"STEESE","35_3",3,"SAPLING","d","BENE",13,3.98671038,325,99.6677595,65.59224,-144.99461,1.14961,102.7590027,418.0899963,615894.5512,5.1,1.8,57,0.228070175438596,1,56,0.0175438596491228,0.982456140350877
"STEESE","35_3",3,"SAPLING","c","PIME",1,0.01068984,25,0.267246,65.59224,-144.99461,1.14961,102.7590027,418.0899963,615894.5512,5.1,1.8,57,0.0175438596491228,1,56,0.0175438596491228,0.982456140350877
"STEESE","35_3",3,"SAPLING","d","POBA",1,0.02885166,25,0.7212915,65.59224,-144.99461,1.14961,102.7590027,418.0899963,615894.5512,5.1,1.8,57,0.0175438596491228,1,56,0.0175438596491228,0.982456140350877
"STEESE","35_3",3,"SAPLING","d","POTR",7,0.0338148,175,0.84537,65.59224,-144.99461,1.14961,102.7590027,418.0899963,615894.5512,5.1,1.8,57,0.12280701754386,1,56,0.0175438596491228,0.982456140350877
"STEESE","35_3",3,"SAPLING","d","SALIX",13,4.5134577,325,112.8364425,65.59224,-144.99461,1.14961,102.7590027,418.0899963,615894.5512,5.1,1.8,57,0.228070175438596,1,56,0.0175438596491228,0.982456140350877
"STEESE","35_3",3,"TREE","d","ALCR",0,0,0,0,65.59224,-144.99461,1.14961,102.7590027,418.0899963,615894.5512,5.1,1.8,57,0,1,56,0.0175438596491228,0.982456140350877
"STEESE","35_3",3,"TREE","d","ARCT",4,1.70830188,100,42.707547,65.59224,-144.99461,1.14961,102.7590027,418.0899963,615894.5512,5.1,1.8,57,0.0701754385964912,1,56,0.0175438596491228,0.982456140350877
"STEESE","35_3",3,"TREE","d","BENE",3,3.85826868,75,96.456717,65.59224,-144.99461,1.14961,102.7590027,418.0899963,615894.5512,5.1,1.8,57,0.0526315789473684,1,56,0.0175438596491228,0.982456140350877
"STEESE","35_3",3,"TREE","c","PIME",0,0,0,0,65.59224,-144.99461,1.14961,102.7590027,418.0899963,615894.5512,5.1,1.8,57,0,1,56,0.0175438596491228,0.982456140350877
"STEESE","35_3",3,"TREE","d","POBA",1,0.04275936,25,1.068984,65.59224,-144.99461,1.14961,102.7590027,418.0899963,615894.5512,5.1,1.8,57,0.0175438596491228,1,56,0.0175438596491228,0.982456140350877
"STEESE","35_3",3,"TREE","d","POTR",0,0,0,0,65.59224,-144.99461,1.14961,102.7590027,418.0899963,615894.5512,5.1,1.8,57,0,1,56,0.0175438596491228,0.982456140350877
"STEESE","35_3",3,"TREE","d","SALIX",9,4.80459222,225,120.1148055,65.59224,-144.99461,1.14961,102.7590027,418.0899963,615894.5512,5.1,1.8,57,0.157894736842105,1,56,0.0175438596491228,0.982456140350877
