"SITE","SITECODE","TREAT","TYPE","DIVISON","SPP","COUNT_SITE","BASAL_SITE","COUNT_HA","BASAL_HA","LAT","LONG","SLOPE","ASPECT_RAW","ELEVATION","SOLAR","EXP_MIN","OL_AV","TOTAL_COUNT_SITE","DECID_COUNT_SITE","CONIF_COUNT_SITE","DECID_PROP_SITE","CONIF_PROP_SITE","DECID_COUNT_HA","CONIF_COUNT_HA","DECID_BASAL_HA","CONIF_BASAL_HA"
"DALTON","10_0",0,"TREE","d","ALCR",0,0,0,0,65.71578,-149.22574,4.3130798,122.1900024,267.9599915,601249.8528,0,20,101,5,96,0.0495049504950495,0.95049504950495,125,2400,125.038404,1011.448391
"DALTON","10_0",0,"TREE","d","BENE",4,4.93848792,100,123.462198,65.71578,-149.22574,4.3130798,122.1900024,267.9599915,601249.8528,0,20,101,5,96,0.0495049504950495,0.95049504950495,125,2400,125.038404,1011.448391
"DALTON","10_0",0,"TREE","c","PIME",96,40.45793562,2400,1011.448391,65.71578,-149.22574,4.3130798,122.1900024,267.9599915,601249.8528,0,20,101,5,96,0.0495049504950495,0.95049504950495,125,2400,125.038404,1011.448391
"DALTON","10_0",0,"TREE","d","POTR",0,0,0,0,65.71578,-149.22574,4.3130798,122.1900024,267.9599915,601249.8528,0,20,101,5,96,0.0495049504950495,0.95049504950495,125,2400,125.038404,1011.448391
"DALTON","10_0",0,"TREE","d","SALIX",1,0.06304824,25,1.576206,65.71578,-149.22574,4.3130798,122.1900024,267.9599915,601249.8528,0,20,101,5,96,0.0495049504950495,0.95049504950495,125,2400,125.038404,1011.448391
"DALTON","11_0",0,"TREE","d","ALCR",0,0,0,0,65.71918,-149.22691,3.8304601,210.697998,279.3359985,602533.3492,0,17.6,98,10,88,0.102040816326531,0.897959183673469,250,2200,33.2353125,757.2456315
"DALTON","11_0",0,"TREE","d","BENE",1,0.68414976,25,17.103744,65.71918,-149.22691,3.8304601,210.697998,279.3359985,602533.3492,0,17.6,98,10,88,0.102040816326531,0.897959183673469,250,2200,33.2353125,757.2456315
"DALTON","11_0",0,"TREE","c","PIME",88,30.28982526,2200,757.2456315,65.71918,-149.22691,3.8304601,210.697998,279.3359985,602533.3492,0,17.6,98,10,88,0.102040816326531,0.897959183673469,250,2200,33.2353125,757.2456315
"DALTON","11_0",0,"TREE","d","POTR",0,0,0,0,65.71918,-149.22691,3.8304601,210.697998,279.3359985,602533.3492,0,17.6,98,10,88,0.102040816326531,0.897959183673469,250,2200,33.2353125,757.2456315
"DALTON","11_0",0,"TREE","d","SALIX",9,0.64526274,225,16.1315685,65.71918,-149.22691,3.8304601,210.697998,279.3359985,602533.3492,0,17.6,98,10,88,0.102040816326531,0.897959183673469,250,2200,33.2353125,757.2456315
"DALTON","44_0",0,"TREE","d","ALCR",0,0,0,0,65.71369,-149.23332,5.85179,151.4309998,252.1470032,599354.3768,0,18.8,194,14,180,0.0721649484536082,0.927835051546392,350,4500,75.998763,1202.004333
"DALTON","44_0",0,"TREE","d","BENE",2,1.34397468,50,33.599367,65.71369,-149.23332,5.85179,151.4309998,252.1470032,599354.3768,0,18.8,194,14,180,0.0721649484536082,0.927835051546392,350,4500,75.998763,1202.004333
"DALTON","44_0",0,"TREE","c","PIME",180,48.08017332,4500,1202.004333,65.71369,-149.23332,5.85179,151.4309998,252.1470032,599354.3768,0,18.8,194,14,180,0.0721649484536082,0.927835051546392,350,4500,75.998763,1202.004333
"DALTON","44_0",0,"TREE","d","POTR",0,0,0,0,65.71369,-149.23332,5.85179,151.4309998,252.1470032,599354.3768,0,18.8,194,14,180,0.0721649484536082,0.927835051546392,350,4500,75.998763,1202.004333
"DALTON","44_0",0,"TREE","d","SALIX",12,1.69597584,300,42.399396,65.71369,-149.23332,5.85179,151.4309998,252.1470032,599354.3768,0,18.8,194,14,180,0.0721649484536082,0.927835051546392,350,4500,75.998763,1202.004333
"DALTON","58_0",0,"TREE","d","ALCR",0,0,0,0,65.71309,-149.2278,4.3920202,262.2200012,262.8670044,601044.1029,0,17,74,8,66,0.108108108108108,0.891891891891892,200,1650,142.262136,1142.278943
"DALTON","58_0",0,"TREE","d","BENE",4,5.33870244,100,133.467561,65.71309,-149.2278,4.3920202,262.2200012,262.8670044,601044.1029,0,17,74,8,66,0.108108108108108,0.891891891891892,200,1650,142.262136,1142.278943
"DALTON","58_0",0,"TREE","c","PIME",66,45.6911577,1650,1142.278943,65.71309,-149.2278,4.3920202,262.2200012,262.8670044,601044.1029,0,17,74,8,66,0.108108108108108,0.891891891891892,200,1650,142.262136,1142.278943
"DALTON","58_0",0,"TREE","d","POTR",0,0,0,0,65.71309,-149.2278,4.3920202,262.2200012,262.8670044,601044.1029,0,17,74,8,66,0.108108108108108,0.891891891891892,200,1650,142.262136,1142.278943
"DALTON","58_0",0,"TREE","d","SALIX",4,0.351783,100,8.794575,65.71309,-149.2278,4.3920202,262.2200012,262.8670044,601044.1029,0,17,74,8,66,0.108108108108108,0.891891891891892,200,1650,142.262136,1142.278943
"DALTON","12_1",1,"TREE","d","ALCR",0,0,0,0,65.7068,-149.18559,6.7337098,333.6419983,261.8880005,599446.6717,12.5,4.5,0,0,0,NA,NA,0,0,0,0
"DALTON","12_1",1,"TREE","d","BENE",0,0,0,0,65.7068,-149.18559,6.7337098,333.6419983,261.8880005,599446.6717,12.5,4.5,0,0,0,NA,NA,0,0,0,0
"DALTON","12_1",1,"TREE","c","PIME",0,0,0,0,65.7068,-149.18559,6.7337098,333.6419983,261.8880005,599446.6717,12.5,4.5,0,0,0,NA,NA,0,0,0,0
"DALTON","12_1",1,"TREE","d","POTR",0,0,0,0,65.7068,-149.18559,6.7337098,333.6419983,261.8880005,599446.6717,12.5,4.5,0,0,0,NA,NA,0,0,0,0
"DALTON","12_1",1,"TREE","d","SALIX",0,0,0,0,65.7068,-149.18559,6.7337098,333.6419983,261.8880005,599446.6717,12.5,4.5,0,0,0,NA,NA,0,0,0,0
"DALTON","41_1",1,"TREE","d","ALCR",0,0,0,0,65.70615,-149.22386,13.2546997,11.4744997,248.1640015,594485.5498,22.5,8.2,2,2,0,1,0,50,0,3.7864395,0
"DALTON","41_1",1,"TREE","d","BENE",1,0.04586814,25,1.1467035,65.70615,-149.22386,13.2546997,11.4744997,248.1640015,594485.5498,22.5,8.2,2,2,0,1,0,50,0,3.7864395,0
"DALTON","41_1",1,"TREE","c","PIME",0,0,0,0,65.70615,-149.22386,13.2546997,11.4744997,248.1640015,594485.5498,22.5,8.2,2,2,0,1,0,50,0,3.7864395,0
"DALTON","41_1",1,"TREE","d","POTR",0,0,0,0,65.70615,-149.22386,13.2546997,11.4744997,248.1640015,594485.5498,22.5,8.2,2,2,0,1,0,50,0,3.7864395,0
"DALTON","41_1",1,"TREE","d","SALIX",1,0.10558944,25,2.639736,65.70615,-149.22386,13.2546997,11.4744997,248.1640015,594485.5498,22.5,8.2,2,2,0,1,0,50,0,3.7864395,0
"DALTON","42_1",1,"TREE","d","ALCR",1,0.36672696,25,9.168174,65.69112,-149.11751,7.1159101,56.4902,327.4930115,606715.4025,10,11.4,1,1,0,1,0,25,0,9.168174,0
"DALTON","42_1",1,"TREE","d","BENE",0,0,0,0,65.69112,-149.11751,7.1159101,56.4902,327.4930115,606715.4025,10,11.4,1,1,0,1,0,25,0,9.168174,0
"DALTON","42_1",1,"TREE","c","PIME",0,0,0,0,65.69112,-149.11751,7.1159101,56.4902,327.4930115,606715.4025,10,11.4,1,1,0,1,0,25,0,9.168174,0
"DALTON","42_1",1,"TREE","d","POTR",0,0,0,0,65.69112,-149.11751,7.1159101,56.4902,327.4930115,606715.4025,10,11.4,1,1,0,1,0,25,0,9.168174,0
"DALTON","42_1",1,"TREE","d","SALIX",0,0,0,0,65.69112,-149.11751,7.1159101,56.4902,327.4930115,606715.4025,10,11.4,1,1,0,1,0,25,0,9.168174,0
"DALTON","48_1",1,"TREE","d","ALCR",0,0,0,0,65.70551,-149.22821,3.33901,144.6759949,257.7170105,600634.2123,10,2.8,7,7,0,1,0,175,0,144.880056,0
"DALTON","48_1",1,"TREE","d","BENE",5,5.12299674,125,128.0749185,65.70551,-149.22821,3.33901,144.6759949,257.7170105,600634.2123,10,2.8,7,7,0,1,0,175,0,144.880056,0
"DALTON","48_1",1,"TREE","c","PIME",0,0,0,0,65.70551,-149.22821,3.33901,144.6759949,257.7170105,600634.2123,10,2.8,7,7,0,1,0,175,0,144.880056,0
"DALTON","48_1",1,"TREE","d","POTR",0,0,0,0,65.70551,-149.22821,3.33901,144.6759949,257.7170105,600634.2123,10,2.8,7,7,0,1,0,175,0,144.880056,0
"DALTON","48_1",1,"TREE","d","SALIX",2,0.6722055,50,16.8051375,65.70551,-149.22821,3.33901,144.6759949,257.7170105,600634.2123,10,2.8,7,7,0,1,0,175,0,144.880056,0
"DALTON","50_1",1,"TREE","d","ALCR",0,0,0,0,65.70692,-149.18695,5.6178198,329.7919922,257.9140015,599456.8481,0,4,0,0,0,NA,NA,0,0,0,0
"DALTON","50_1",1,"TREE","d","BENE",0,0,0,0,65.70692,-149.18695,5.6178198,329.7919922,257.9140015,599456.8481,0,4,0,0,0,NA,NA,0,0,0,0
"DALTON","50_1",1,"TREE","c","PIME",0,0,0,0,65.70692,-149.18695,5.6178198,329.7919922,257.9140015,599456.8481,0,4,0,0,0,NA,NA,0,0,0,0
"DALTON","50_1",1,"TREE","d","POTR",0,0,0,0,65.70692,-149.18695,5.6178198,329.7919922,257.9140015,599456.8481,0,4,0,0,0,NA,NA,0,0,0,0
"DALTON","50_1",1,"TREE","d","SALIX",0,0,0,0,65.70692,-149.18695,5.6178198,329.7919922,257.9140015,599456.8481,0,4,0,0,0,NA,NA,0,0,0,0
"DALTON","52_1",1,"TREE","d","ALCR",2,0.33182136,50,8.295534,65.69073,-149.1245,5.24822,311.7770081,347.9249878,609798.2024,5,6.8,2,2,0,1,0,50,0,8.295534,0
"DALTON","52_1",1,"TREE","d","BENE",0,0,0,0,65.69073,-149.1245,5.24822,311.7770081,347.9249878,609798.2024,5,6.8,2,2,0,1,0,50,0,8.295534,0
"DALTON","52_1",1,"TREE","c","PIME",0,0,0,0,65.69073,-149.1245,5.24822,311.7770081,347.9249878,609798.2024,5,6.8,2,2,0,1,0,50,0,8.295534,0
"DALTON","52_1",1,"TREE","d","POTR",0,0,0,0,65.69073,-149.1245,5.24822,311.7770081,347.9249878,609798.2024,5,6.8,2,2,0,1,0,50,0,8.295534,0
"DALTON","52_1",1,"TREE","d","SALIX",0,0,0,0,65.69073,-149.1245,5.24822,311.7770081,347.9249878,609798.2024,5,6.8,2,2,0,1,0,50,0,8.295534,0
"DALTON","64_1",1,"TREE","d","ALCR",100,30.864186,2500,771.60465,65.70761,-149.19055,7.25036,18.2584991,251.2550049,598158.4809,0,5.2,140,120,20,0.857142857142857,0.142857142857143,3000,500,829.30797,27.92448
"DALTON","64_1",1,"TREE","d","BENE",20,2.3081328,500,57.70332,65.70761,-149.19055,7.25036,18.2584991,251.2550049,598158.4809,0,5.2,140,120,20,0.857142857142857,0.142857142857143,3000,500,829.30797,27.92448
"DALTON","64_1",1,"TREE","c","PIME",20,1.1169792,500,27.92448,65.70761,-149.19055,7.25036,18.2584991,251.2550049,598158.4809,0,5.2,140,120,20,0.857142857142857,0.142857142857143,3000,500,829.30797,27.92448
"DALTON","64_1",1,"TREE","d","POTR",0,0,0,0,65.70761,-149.19055,7.25036,18.2584991,251.2550049,598158.4809,0,5.2,140,120,20,0.857142857142857,0.142857142857143,3000,500,829.30797,27.92448
"DALTON","64_1",1,"TREE","d","SALIX",0,0,0,0,65.70761,-149.19055,7.25036,18.2584991,251.2550049,598158.4809,0,5.2,140,120,20,0.857142857142857,0.142857142857143,3000,500,829.30797,27.92448
"DALTON","65_1",1,"TREE","d","ALCR",3,1.21444218,75,30.3610545,65.70811,-149.19125,6.3059802,358.2080078,245.8760071,597345.7863,2.5,3.3,4,3,1,0.75,0.25,75,25,30.3610545,6.8734035
"DALTON","65_1",1,"TREE","d","BENE",0,0,0,0,65.70811,-149.19125,6.3059802,358.2080078,245.8760071,597345.7863,2.5,3.3,4,3,1,0.75,0.25,75,25,30.3610545,6.8734035
"DALTON","65_1",1,"TREE","c","PIME",1,0.27493614,25,6.8734035,65.70811,-149.19125,6.3059802,358.2080078,245.8760071,597345.7863,2.5,3.3,4,3,1,0.75,0.25,75,25,30.3610545,6.8734035
"DALTON","65_1",1,"TREE","d","POTR",0,0,0,0,65.70811,-149.19125,6.3059802,358.2080078,245.8760071,597345.7863,2.5,3.3,4,3,1,0.75,0.25,75,25,30.3610545,6.8734035
"DALTON","65_1",1,"TREE","d","SALIX",0,0,0,0,65.70811,-149.19125,6.3059802,358.2080078,245.8760071,597345.7863,2.5,3.3,4,3,1,0.75,0.25,75,25,30.3610545,6.8734035
"DALTON","16_2",2,"TREE","d","ALCR",0,0,0,0,65.70504,-149.15279,4.1869702,279.5169983,322.3699951,606063.6038,2.5,3.2,14,14,0,1,0,350,0,29.3902425,0
"DALTON","16_2",2,"TREE","d","BENE",8,0.3667815,200,9.1695375,65.70504,-149.15279,4.1869702,279.5169983,322.3699951,606063.6038,2.5,3.2,14,14,0,1,0,350,0,29.3902425,0
"DALTON","16_2",2,"TREE","c","PIME",0,0,0,0,65.70504,-149.15279,4.1869702,279.5169983,322.3699951,606063.6038,2.5,3.2,14,14,0,1,0,350,0,29.3902425,0
"DALTON","16_2",2,"TREE","d","POTR",1,0.049086,25,1.22715,65.70504,-149.15279,4.1869702,279.5169983,322.3699951,606063.6038,2.5,3.2,14,14,0,1,0,350,0,29.3902425,0
"DALTON","16_2",2,"TREE","d","SALIX",5,0.7597422,125,18.993555,65.70504,-149.15279,4.1869702,279.5169983,322.3699951,606063.6038,2.5,3.2,14,14,0,1,0,350,0,29.3902425,0
"DALTON","32_2",2,"TREE","d","ALCR",0,0,0,0,65.6884,-149.1244,6.7414899,269.1610107,362.2969971,610389.6289,1.25,1.62,20,20,0,1,0,500,0,138.6556785,0
"DALTON","32_2",2,"TREE","d","BENE",17,5.20573392,425,130.143348,65.6884,-149.1244,6.7414899,269.1610107,362.2969971,610389.6289,1.25,1.62,20,20,0,1,0,500,0,138.6556785,0
"DALTON","32_2",2,"TREE","c","PIME",0,0,0,0,65.6884,-149.1244,6.7414899,269.1610107,362.2969971,610389.6289,1.25,1.62,20,20,0,1,0,500,0,138.6556785,0
"DALTON","32_2",2,"TREE","d","POTR",0,0,0,0,65.6884,-149.1244,6.7414899,269.1610107,362.2969971,610389.6289,1.25,1.62,20,20,0,1,0,500,0,138.6556785,0
"DALTON","32_2",2,"TREE","d","SALIX",3,0.34049322,75,8.5123305,65.6884,-149.1244,6.7414899,269.1610107,362.2969971,610389.6289,1.25,1.62,20,20,0,1,0,500,0,138.6556785,0
"DALTON","39_2",2,"TREE","d","ALCR",1,3.46350816,25,86.587704,65.70004,-149.11685,4.0569301,25.8673992,313.4150085,605911.4401,0,7.3,14,14,0,1,0,350,0,181.989072,0
"DALTON","39_2",2,"TREE","d","BENE",11,3.61420218,275,90.3550545,65.70004,-149.11685,4.0569301,25.8673992,313.4150085,605911.4401,0,7.3,14,14,0,1,0,350,0,181.989072,0
"DALTON","39_2",2,"TREE","c","PIME",0,0,0,0,65.70004,-149.11685,4.0569301,25.8673992,313.4150085,605911.4401,0,7.3,14,14,0,1,0,350,0,181.989072,0
"DALTON","39_2",2,"TREE","d","POTR",0,0,0,0,65.70004,-149.11685,4.0569301,25.8673992,313.4150085,605911.4401,0,7.3,14,14,0,1,0,350,0,181.989072,0
"DALTON","39_2",2,"TREE","d","SALIX",2,0.20185254,50,5.0463135,65.70004,-149.11685,4.0569301,25.8673992,313.4150085,605911.4401,0,7.3,14,14,0,1,0,350,0,181.989072,0
"DALTON","40_2",2,"TREE","d","ALCR",0,0,0,0,65.69016,-149.12027,5.6810298,30.8488007,351.7460022,610103.855,10,2,18,18,0,1,0,450,0,244.6868925,0
"DALTON","40_2",2,"TREE","d","BENE",11,6.4864422,275,162.161055,65.69016,-149.12027,5.6810298,30.8488007,351.7460022,610103.855,10,2,18,18,0,1,0,450,0,244.6868925,0
"DALTON","40_2",2,"TREE","c","PIME",0,0,0,0,65.69016,-149.12027,5.6810298,30.8488007,351.7460022,610103.855,10,2,18,18,0,1,0,450,0,244.6868925,0
"DALTON","40_2",2,"TREE","d","POTR",0,0,0,0,65.69016,-149.12027,5.6810298,30.8488007,351.7460022,610103.855,10,2,18,18,0,1,0,450,0,244.6868925,0
"DALTON","40_2",2,"TREE","d","SALIX",7,3.3010335,175,82.5258375,65.69016,-149.12027,5.6810298,30.8488007,351.7460022,610103.855,10,2,18,18,0,1,0,450,0,244.6868925,0
"DALTON","47_2",2,"TREE","d","ALCR",22,5.48465148,550,137.116287,65.69946,-149.15793,5.2288299,203.7660065,266.3460083,600811.2884,0,4.8,28,28,0,1,0,700,0,145.4186385,0
"DALTON","47_2",2,"TREE","d","BENE",6,0.33209406,150,8.3023515,65.69946,-149.15793,5.2288299,203.7660065,266.3460083,600811.2884,0,4.8,28,28,0,1,0,700,0,145.4186385,0
"DALTON","47_2",2,"TREE","c","PIME",0,0,0,0,65.69946,-149.15793,5.2288299,203.7660065,266.3460083,600811.2884,0,4.8,28,28,0,1,0,700,0,145.4186385,0
"DALTON","47_2",2,"TREE","d","POTR",0,0,0,0,65.69946,-149.15793,5.2288299,203.7660065,266.3460083,600811.2884,0,4.8,28,28,0,1,0,700,0,145.4186385,0
"DALTON","47_2",2,"TREE","d","SALIX",0,0,0,0,65.69946,-149.15793,5.2288299,203.7660065,266.3460083,600811.2884,0,4.8,28,28,0,1,0,700,0,145.4186385,0
"DALTON","56_2",2,"TREE","d","ALCR",1,0.04275936,25,1.068984,65.69936,-149.1514,4.3580298,221.6459961,279.446991,602107.422,38.75,3.3,11,11,0,1,0,275,0,35.325558,0
"DALTON","56_2",2,"TREE","d","BENE",8,1.00288152,200,25.072038,65.69936,-149.1514,4.3580298,221.6459961,279.446991,602107.422,38.75,3.3,11,11,0,1,0,275,0,35.325558,0
"DALTON","56_2",2,"TREE","c","PIME",0,0,0,0,65.69936,-149.1514,4.3580298,221.6459961,279.446991,602107.422,38.75,3.3,11,11,0,1,0,275,0,35.325558,0
"DALTON","56_2",2,"TREE","d","POTR",0,0,0,0,65.69936,-149.1514,4.3580298,221.6459961,279.446991,602107.422,38.75,3.3,11,11,0,1,0,275,0,35.325558,0
"DALTON","56_2",2,"TREE","d","SALIX",2,0.36738144,50,9.184536,65.69936,-149.1514,4.3580298,221.6459961,279.446991,602107.422,38.75,3.3,11,11,0,1,0,275,0,35.325558,0
"DALTON","57_2",2,"TREE","d","ALCR",2,0.80686476,50,20.171619,65.69627,-149.15442,3.48876,185.8280029,260.6889954,600326.3039,43.75,0.9,30,30,0,1,0,750,0,142.3889415,0
"DALTON","57_2",2,"TREE","d","BENE",27,2.83602546,675,70.9006365,65.69627,-149.15442,3.48876,185.8280029,260.6889954,600326.3039,43.75,0.9,30,30,0,1,0,750,0,142.3889415,0
"DALTON","57_2",2,"TREE","c","PIME",0,0,0,0,65.69627,-149.15442,3.48876,185.8280029,260.6889954,600326.3039,43.75,0.9,30,30,0,1,0,750,0,142.3889415,0
"DALTON","57_2",2,"TREE","d","POTR",0,0,0,0,65.69627,-149.15442,3.48876,185.8280029,260.6889954,600326.3039,43.75,0.9,30,30,0,1,0,750,0,142.3889415,0
"DALTON","57_2",2,"TREE","d","SALIX",1,2.05266744,25,51.316686,65.69627,-149.15442,3.48876,185.8280029,260.6889954,600326.3039,43.75,0.9,30,30,0,1,0,750,0,142.3889415,0
"DALTON","8_2",2,"TREE","d","ALCR",4,9.53261028,100,238.315257,65.70418,-149.14612,5.25912,202.5769958,336.2000122,607079.4354,42.5,1.4,22,22,0,1,0,550,0,583.237125,0
"DALTON","8_2",2,"TREE","d","BENE",7,2.07181098,175,51.7952745,65.70418,-149.14612,5.25912,202.5769958,336.2000122,607079.4354,42.5,1.4,22,22,0,1,0,550,0,583.237125,0
"DALTON","8_2",2,"TREE","c","PIME",0,0,0,0,65.70418,-149.14612,5.25912,202.5769958,336.2000122,607079.4354,42.5,1.4,22,22,0,1,0,550,0,583.237125,0
"DALTON","8_2",2,"TREE","d","POTR",0,0,0,0,65.70418,-149.14612,5.25912,202.5769958,336.2000122,607079.4354,42.5,1.4,22,22,0,1,0,550,0,583.237125,0
"DALTON","8_2",2,"TREE","d","SALIX",11,11.72506374,275,293.1265935,65.70418,-149.14612,5.25912,202.5769958,336.2000122,607079.4354,42.5,1.4,22,22,0,1,0,550,0,583.237125,0
"DALTON","14_3",3,"TREE","d","ALCR",10,0.80986446,250,20.2466115,65.68749,-149.19668,7.5756898,176.397995,310.9630127,604788.0359,0,0.875,15,15,0,1,0,375,0,33.3962055,0
"DALTON","14_3",3,"TREE","d","BENE",1,0.18985374,25,4.7463435,65.68749,-149.19668,7.5756898,176.397995,310.9630127,604788.0359,0,0.875,15,15,0,1,0,375,0,33.3962055,0
"DALTON","14_3",3,"TREE","c","PIME",0,0,0,0,65.68749,-149.19668,7.5756898,176.397995,310.9630127,604788.0359,0,0.875,15,15,0,1,0,375,0,33.3962055,0
"DALTON","14_3",3,"TREE","d","POTR",0,0,0,0,65.68749,-149.19668,7.5756898,176.397995,310.9630127,604788.0359,0,0.875,15,15,0,1,0,375,0,33.3962055,0
"DALTON","14_3",3,"TREE","d","SALIX",4,0.33613002,100,8.4032505,65.68749,-149.19668,7.5756898,176.397995,310.9630127,604788.0359,0,0.875,15,15,0,1,0,375,0,33.3962055,0
"DALTON","15_3",3,"TREE","d","ALCR",0,0,0,0,65.6936,-149.19728,11.0676003,311.6319885,316.0270081,603810.8466,10,2.97,180,180,0,1,0,4500,0,519.00264,0
"DALTON","15_3",3,"TREE","d","BENE",160,17.2160964,4000,430.40241,65.6936,-149.19728,11.0676003,311.6319885,316.0270081,603810.8466,10,2.97,180,180,0,1,0,4500,0,519.00264,0
"DALTON","15_3",3,"TREE","c","PIME",0,0,0,0,65.6936,-149.19728,11.0676003,311.6319885,316.0270081,603810.8466,10,2.97,180,180,0,1,0,4500,0,519.00264,0
"DALTON","15_3",3,"TREE","d","POTR",0,0,0,0,65.6936,-149.19728,11.0676003,311.6319885,316.0270081,603810.8466,10,2.97,180,180,0,1,0,4500,0,519.00264,0
"DALTON","15_3",3,"TREE","d","SALIX",20,3.5440092,500,88.60023,65.6936,-149.19728,11.0676003,311.6319885,316.0270081,603810.8466,10,2.97,180,180,0,1,0,4500,0,519.00264,0
"DALTON","37_3",3,"TREE","d","ALCR",5,1.45147302,125,36.2868255,65.68577,-149.19524,10.3354998,158.7089996,287.2839966,602007.9447,38.75,2.5,29,29,0,1,0,725,0,159.3481545,0
"DALTON","37_3",3,"TREE","d","BENE",7,0.55418094,175,13.8545235,65.68577,-149.19524,10.3354998,158.7089996,287.2839966,602007.9447,38.75,2.5,29,29,0,1,0,725,0,159.3481545,0
"DALTON","37_3",3,"TREE","c","PIME",0,0,0,0,65.68577,-149.19524,10.3354998,158.7089996,287.2839966,602007.9447,38.75,2.5,29,29,0,1,0,725,0,159.3481545,0
"DALTON","37_3",3,"TREE","d","POTR",0,0,0,0,65.68577,-149.19524,10.3354998,158.7089996,287.2839966,602007.9447,38.75,2.5,29,29,0,1,0,725,0,159.3481545,0
"DALTON","37_3",3,"TREE","d","SALIX",17,4.36827222,425,109.2068055,65.68577,-149.19524,10.3354998,158.7089996,287.2839966,602007.9447,38.75,2.5,29,29,0,1,0,725,0,159.3481545,0
"DALTON","54_3",3,"TREE","d","ALCR",0,0,0,0,65.69318,-149.19493,8.7726297,315.6390076,336.9719849,606549.7337,67.5,1.25,31,31,0,1,0,775,0,101.441673,0
"DALTON","54_3",3,"TREE","d","BENE",27,2.81688192,675,70.422048,65.69318,-149.19493,8.7726297,315.6390076,336.9719849,606549.7337,67.5,1.25,31,31,0,1,0,775,0,101.441673,0
"DALTON","54_3",3,"TREE","c","PIME",0,0,0,0,65.69318,-149.19493,8.7726297,315.6390076,336.9719849,606549.7337,67.5,1.25,31,31,0,1,0,775,0,101.441673,0
"DALTON","54_3",3,"TREE","d","POTR",0,0,0,0,65.69318,-149.19493,8.7726297,315.6390076,336.9719849,606549.7337,67.5,1.25,31,31,0,1,0,775,0,101.441673,0
"DALTON","54_3",3,"TREE","d","SALIX",4,1.240785,100,31.019625,65.69318,-149.19493,8.7726297,315.6390076,336.9719849,606549.7337,67.5,1.25,31,31,0,1,0,775,0,101.441673,0
"DALTON","55_3",3,"TREE","d","ALCR",2,2.08953648,50,52.238412,65.69235,-149.19681,10.9991999,268.0150146,333.5549927,605419.8585,50,1.62,44,44,0,1,0,1100,0,149.46687,0
"DALTON","55_3",3,"TREE","d","BENE",30,2.18830842,750,54.7077105,65.69235,-149.19681,10.9991999,268.0150146,333.5549927,605419.8585,50,1.62,44,44,0,1,0,1100,0,149.46687,0
"DALTON","55_3",3,"TREE","c","PIME",0,0,0,0,65.69235,-149.19681,10.9991999,268.0150146,333.5549927,605419.8585,50,1.62,44,44,0,1,0,1100,0,149.46687,0
"DALTON","55_3",3,"TREE","d","POTR",0,0,0,0,65.69235,-149.19681,10.9991999,268.0150146,333.5549927,605419.8585,50,1.62,44,44,0,1,0,1100,0,149.46687,0
"DALTON","55_3",3,"TREE","d","SALIX",12,1.7008299,300,42.5207475,65.69235,-149.19681,10.9991999,268.0150146,333.5549927,605419.8585,50,1.62,44,44,0,1,0,1100,0,149.46687,0
"DALTON","7_3",3,"TREE","d","ALCR",3,0.3321486,75,8.303715,65.68674,-149.19289,9.26019,132.677002,292.8930054,602306.2811,32.5,1.7,8,8,0,1,0,200,0,33.056694,0
"DALTON","7_3",3,"TREE","d","BENE",2,0.3776895,50,9.4422375,65.68674,-149.19289,9.26019,132.677002,292.8930054,602306.2811,32.5,1.7,8,8,0,1,0,200,0,33.056694,0
"DALTON","7_3",3,"TREE","c","PIME",0,0,0,0,65.68674,-149.19289,9.26019,132.677002,292.8930054,602306.2811,32.5,1.7,8,8,0,1,0,200,0,33.056694,0
"DALTON","7_3",3,"TREE","d","POTR",0,0,0,0,65.68674,-149.19289,9.26019,132.677002,292.8930054,602306.2811,32.5,1.7,8,8,0,1,0,200,0,33.056694,0
"DALTON","7_3",3,"TREE","d","SALIX",3,0.61242966,75,15.3107415,65.68674,-149.19289,9.26019,132.677002,292.8930054,602306.2811,32.5,1.7,8,8,0,1,0,200,0,33.056694,0
"STEESE","1_0",0,"TREE","d","ALCR",0,0,0,0,65.5631,-145.02356,2.58249,42.5637016,442.0629883,618011.3063,0,20.5,94,1,93,0.0106382978723404,0.98936170212766,25,2325,0.993071351,255.7553894
"STEESE","1_0",0,"TREE","d","ARCT",0,0,0,0,65.5631,-145.02356,2.58249,42.5637016,442.0629883,618011.3063,0,20.5,94,1,93,0.0106382978723404,0.98936170212766,25,2325,0.993071351,255.7553894
"STEESE","1_0",0,"TREE","d","BENE",0,0,0,0,65.5631,-145.02356,2.58249,42.5637016,442.0629883,618011.3063,0,20.5,94,1,93,0.0106382978723404,0.98936170212766,25,2325,0.993071351,255.7553894
"STEESE","1_0",0,"TREE","c","PIME",93,10.23021558,2325,255.7553894,65.5631,-145.02356,2.58249,42.5637016,442.0629883,618011.3063,0,20.5,94,1,93,0.0106382978723404,0.98936170212766,25,2325,0.993071351,255.7553894
"STEESE","1_0",0,"TREE","d","POBA",0,0,0,0,65.5631,-145.02356,2.58249,42.5637016,442.0629883,618011.3063,0,20.5,94,1,93,0.0106382978723404,0.98936170212766,25,2325,0.993071351,255.7553894
"STEESE","1_0",0,"TREE","d","POTR",0,0,0,0,65.5631,-145.02356,2.58249,42.5637016,442.0629883,618011.3063,0,20.5,94,1,93,0.0106382978723404,0.98936170212766,25,2325,0.993071351,255.7553894
"STEESE","1_0",0,"TREE","d","SALIX",1,0.039722854,25,0.993071351,65.5631,-145.02356,2.58249,42.5637016,442.0629883,618011.3063,0,20.5,94,1,93,0.0106382978723404,0.98936170212766,25,2325,0.993071351,255.7553894
"STEESE","31_0",0,"TREE","d","ALCR",0,0,0,0,65.5649,-144.96962,1.41787,24.7474003,393.6340027,613316.3514,0,18.6,38,0,38,0,1,0,950,0,197.0722605
"STEESE","31_0",0,"TREE","d","ARCT",0,0,0,0,65.5649,-144.96962,1.41787,24.7474003,393.6340027,613316.3514,0,18.6,38,0,38,0,1,0,950,0,197.0722605
"STEESE","31_0",0,"TREE","d","BENE",0,0,0,0,65.5649,-144.96962,1.41787,24.7474003,393.6340027,613316.3514,0,18.6,38,0,38,0,1,0,950,0,197.0722605
"STEESE","31_0",0,"TREE","c","PIME",38,7.882890421,950,197.0722605,65.5649,-144.96962,1.41787,24.7474003,393.6340027,613316.3514,0,18.6,38,0,38,0,1,0,950,0,197.0722605
"STEESE","31_0",0,"TREE","d","POBA",0,0,0,0,65.5649,-144.96962,1.41787,24.7474003,393.6340027,613316.3514,0,18.6,38,0,38,0,1,0,950,0,197.0722605
"STEESE","31_0",0,"TREE","d","POTR",0,0,0,0,65.5649,-144.96962,1.41787,24.7474003,393.6340027,613316.3514,0,18.6,38,0,38,0,1,0,950,0,197.0722605
"STEESE","31_0",0,"TREE","d","SALIX",0,0,0,0,65.5649,-144.96962,1.41787,24.7474003,393.6340027,613316.3514,0,18.6,38,0,38,0,1,0,950,0,197.0722605
"STEESE","6_0",0,"TREE","d","ALCR",0,0,0,0,65.56738,-144.92766,2.1138599,5.0445299,367.2260132,610943.4977,0,19.8,60,1,59,0.0166666666666667,0.983333333333333,25,1475,3.629521156,290.1570079
"STEESE","6_0",0,"TREE","d","ARCT",0,0,0,0,65.56738,-144.92766,2.1138599,5.0445299,367.2260132,610943.4977,0,19.8,60,1,59,0.0166666666666667,0.983333333333333,25,1475,3.629521156,290.1570079
"STEESE","6_0",0,"TREE","d","BENE",0,0,0,0,65.56738,-144.92766,2.1138599,5.0445299,367.2260132,610943.4977,0,19.8,60,1,59,0.0166666666666667,0.983333333333333,25,1475,3.629521156,290.1570079
"STEESE","6_0",0,"TREE","c","PIME",59,11.60628032,1475,290.1570079,65.56738,-144.92766,2.1138599,5.0445299,367.2260132,610943.4977,0,19.8,60,1,59,0.0166666666666667,0.983333333333333,25,1475,3.629521156,290.1570079
"STEESE","6_0",0,"TREE","d","POBA",0,0,0,0,65.56738,-144.92766,2.1138599,5.0445299,367.2260132,610943.4977,0,19.8,60,1,59,0.0166666666666667,0.983333333333333,25,1475,3.629521156,290.1570079
"STEESE","6_0",0,"TREE","d","POTR",0,0,0,0,65.56738,-144.92766,2.1138599,5.0445299,367.2260132,610943.4977,0,19.8,60,1,59,0.0166666666666667,0.983333333333333,25,1475,3.629521156,290.1570079
"STEESE","6_0",0,"TREE","d","SALIX",1,0.145180846,25,3.629521156,65.56738,-144.92766,2.1138599,5.0445299,367.2260132,610943.4977,0,19.8,60,1,59,0.0166666666666667,0.983333333333333,25,1475,3.629521156,290.1570079
"STEESE","9_0",0,"TREE","d","ALCR",0,0,0,0,65.56702,-144.9287,1.91345,15.9607,369.2820129,611139.9469,0,21.9,82,1,81,0.0121951219512195,0.98780487804878,25,2025,1.17605076,374.6073262
"STEESE","9_0",0,"TREE","d","ARCT",0,0,0,0,65.56702,-144.9287,1.91345,15.9607,369.2820129,611139.9469,0,21.9,82,1,81,0.0121951219512195,0.98780487804878,25,2025,1.17605076,374.6073262
"STEESE","9_0",0,"TREE","d","BENE",0,0,0,0,65.56702,-144.9287,1.91345,15.9607,369.2820129,611139.9469,0,21.9,82,1,81,0.0121951219512195,0.98780487804878,25,2025,1.17605076,374.6073262
"STEESE","9_0",0,"TREE","c","PIME",81,14.98429305,2025,374.6073262,65.56702,-144.9287,1.91345,15.9607,369.2820129,611139.9469,0,21.9,82,1,81,0.0121951219512195,0.98780487804878,25,2025,1.17605076,374.6073262
"STEESE","9_0",0,"TREE","d","POBA",0,0,0,0,65.56702,-144.9287,1.91345,15.9607,369.2820129,611139.9469,0,21.9,82,1,81,0.0121951219512195,0.98780487804878,25,2025,1.17605076,374.6073262
"STEESE","9_0",0,"TREE","d","POTR",0,0,0,0,65.56702,-144.9287,1.91345,15.9607,369.2820129,611139.9469,0,21.9,82,1,81,0.0121951219512195,0.98780487804878,25,2025,1.17605076,374.6073262
"STEESE","9_0",0,"TREE","d","SALIX",1,0.04704203,25,1.17605076,65.56702,-144.9287,1.91345,15.9607,369.2820129,611139.9469,0,21.9,82,1,81,0.0121951219512195,0.98780487804878,25,2025,1.17605076,374.6073262
"STEESE","18_1",1,"TREE","d","ALCR",0,0,0,0,65.58321,-145.00757,1.22018,86.7618027,415.95401,615661.5585,0,7.75,0,0,0,NA,NA,0,0,0,0
"STEESE","18_1",1,"TREE","d","ARCT",0,0,0,0,65.58321,-145.00757,1.22018,86.7618027,415.95401,615661.5585,0,7.75,0,0,0,NA,NA,0,0,0,0
"STEESE","18_1",1,"TREE","d","BENE",0,0,0,0,65.58321,-145.00757,1.22018,86.7618027,415.95401,615661.5585,0,7.75,0,0,0,NA,NA,0,0,0,0
"STEESE","18_1",1,"TREE","c","PIME",0,0,0,0,65.58321,-145.00757,1.22018,86.7618027,415.95401,615661.5585,0,7.75,0,0,0,NA,NA,0,0,0,0
"STEESE","18_1",1,"TREE","d","POBA",0,0,0,0,65.58321,-145.00757,1.22018,86.7618027,415.95401,615661.5585,0,7.75,0,0,0,NA,NA,0,0,0,0
"STEESE","18_1",1,"TREE","d","POTR",0,0,0,0,65.58321,-145.00757,1.22018,86.7618027,415.95401,615661.5585,0,7.75,0,0,0,NA,NA,0,0,0,0
"STEESE","18_1",1,"TREE","d","SALIX",0,0,0,0,65.58321,-145.00757,1.22018,86.7618027,415.95401,615661.5585,0,7.75,0,0,0,NA,NA,0,0,0,0
"STEESE","20_1",1,"TREE","d","ALCR",0,0,0,0,65.5648,-144.92697,1.26079,45.5505981,371.9349976,611370.3313,0,13,2,2,0,1,0,50,0,23.6499075,0
"STEESE","20_1",1,"TREE","d","ARCT",0,0,0,0,65.5648,-144.92697,1.26079,45.5505981,371.9349976,611370.3313,0,13,2,2,0,1,0,50,0,23.6499075,0
"STEESE","20_1",1,"TREE","d","BENE",0,0,0,0,65.5648,-144.92697,1.26079,45.5505981,371.9349976,611370.3313,0,13,2,2,0,1,0,50,0,23.6499075,0
"STEESE","20_1",1,"TREE","c","PIME",0,0,0,0,65.5648,-144.92697,1.26079,45.5505981,371.9349976,611370.3313,0,13,2,2,0,1,0,50,0,23.6499075,0
"STEESE","20_1",1,"TREE","d","POBA",0,0,0,0,65.5648,-144.92697,1.26079,45.5505981,371.9349976,611370.3313,0,13,2,2,0,1,0,50,0,23.6499075,0
"STEESE","20_1",1,"TREE","d","POTR",0,0,0,0,65.5648,-144.92697,1.26079,45.5505981,371.9349976,611370.3313,0,13,2,2,0,1,0,50,0,23.6499075,0
"STEESE","20_1",1,"TREE","d","SALIX",2,0.9459963,50,23.6499075,65.5648,-144.92697,1.26079,45.5505981,371.9349976,611370.3313,0,13,2,2,0,1,0,50,0,23.6499075,0
"STEESE","28_1",1,"TREE","d","ALCR",0,0,0,0,65.58453,-144.97688,1.64726,124.8460007,404.0740051,614486.8667,0,11,0,0,0,NA,NA,0,0,0,0
"STEESE","28_1",1,"TREE","d","ARCT",0,0,0,0,65.58453,-144.97688,1.64726,124.8460007,404.0740051,614486.8667,0,11,0,0,0,NA,NA,0,0,0,0
"STEESE","28_1",1,"TREE","d","BENE",0,0,0,0,65.58453,-144.97688,1.64726,124.8460007,404.0740051,614486.8667,0,11,0,0,0,NA,NA,0,0,0,0
"STEESE","28_1",1,"TREE","c","PIME",0,0,0,0,65.58453,-144.97688,1.64726,124.8460007,404.0740051,614486.8667,0,11,0,0,0,NA,NA,0,0,0,0
"STEESE","28_1",1,"TREE","d","POBA",0,0,0,0,65.58453,-144.97688,1.64726,124.8460007,404.0740051,614486.8667,0,11,0,0,0,NA,NA,0,0,0,0
"STEESE","28_1",1,"TREE","d","POTR",0,0,0,0,65.58453,-144.97688,1.64726,124.8460007,404.0740051,614486.8667,0,11,0,0,0,NA,NA,0,0,0,0
"STEESE","28_1",1,"TREE","d","SALIX",0,0,0,0,65.58453,-144.97688,1.64726,124.8460007,404.0740051,614486.8667,0,11,0,0,0,NA,NA,0,0,0,0
"STEESE","29_1",1,"TREE","d","ALCR",0,0,0,0,65.58229,-145.0013,1.31306,106.7470016,411.6220093,615269.6914,0,11,3,3,0,1,0,75,0,31.7572785,0
"STEESE","29_1",1,"TREE","d","ARCT",0,0,0,0,65.58229,-145.0013,1.31306,106.7470016,411.6220093,615269.6914,0,11,3,3,0,1,0,75,0,31.7572785,0
"STEESE","29_1",1,"TREE","d","BENE",3,1.27029114,75,31.7572785,65.58229,-145.0013,1.31306,106.7470016,411.6220093,615269.6914,0,11,3,3,0,1,0,75,0,31.7572785,0
"STEESE","29_1",1,"TREE","c","PIME",0,0,0,0,65.58229,-145.0013,1.31306,106.7470016,411.6220093,615269.6914,0,11,3,3,0,1,0,75,0,31.7572785,0
"STEESE","29_1",1,"TREE","d","POBA",0,0,0,0,65.58229,-145.0013,1.31306,106.7470016,411.6220093,615269.6914,0,11,3,3,0,1,0,75,0,31.7572785,0
"STEESE","29_1",1,"TREE","d","POTR",0,0,0,0,65.58229,-145.0013,1.31306,106.7470016,411.6220093,615269.6914,0,11,3,3,0,1,0,75,0,31.7572785,0
"STEESE","29_1",1,"TREE","d","SALIX",0,0,0,0,65.58229,-145.0013,1.31306,106.7470016,411.6220093,615269.6914,0,11,3,3,0,1,0,75,0,31.7572785,0
"STEESE","33_1",1,"TREE","d","ALCR",2,0.14136768,50,3.534192,65.58279,-144.99422,2.1331899,131.6660004,408.3590088,615002.8692,0,8.5,10,2,8,0.2,0.8,50,200,3.534192,59.96673
"STEESE","33_1",1,"TREE","d","ARCT",0,0,0,0,65.58279,-144.99422,2.1331899,131.6660004,408.3590088,615002.8692,0,8.5,10,2,8,0.2,0.8,50,200,3.534192,59.96673
"STEESE","33_1",1,"TREE","d","BENE",0,0,0,0,65.58279,-144.99422,2.1331899,131.6660004,408.3590088,615002.8692,0,8.5,10,2,8,0.2,0.8,50,200,3.534192,59.96673
"STEESE","33_1",1,"TREE","c","PIME",8,2.3986692,200,59.96673,65.58279,-144.99422,2.1331899,131.6660004,408.3590088,615002.8692,0,8.5,10,2,8,0.2,0.8,50,200,3.534192,59.96673
"STEESE","33_1",1,"TREE","d","POBA",0,0,0,0,65.58279,-144.99422,2.1331899,131.6660004,408.3590088,615002.8692,0,8.5,10,2,8,0.2,0.8,50,200,3.534192,59.96673
"STEESE","33_1",1,"TREE","d","POTR",0,0,0,0,65.58279,-144.99422,2.1331899,131.6660004,408.3590088,615002.8692,0,8.5,10,2,8,0.2,0.8,50,200,3.534192,59.96673
"STEESE","33_1",1,"TREE","d","SALIX",0,0,0,0,65.58279,-144.99422,2.1331899,131.6660004,408.3590088,615002.8692,0,8.5,10,2,8,0.2,0.8,50,200,3.534192,59.96673
"STEESE","36_1",1,"TREE","d","ALCR",0,0,0,0,65.56454,-144.92126,2.49541,58.3437004,367.7340088,610879.8979,0,12.6,1,1,0,1,0,25,0,1.6702875,0
"STEESE","36_1",1,"TREE","d","ARCT",0,0,0,0,65.56454,-144.92126,2.49541,58.3437004,367.7340088,610879.8979,0,12.6,1,1,0,1,0,25,0,1.6702875,0
"STEESE","36_1",1,"TREE","d","BENE",0,0,0,0,65.56454,-144.92126,2.49541,58.3437004,367.7340088,610879.8979,0,12.6,1,1,0,1,0,25,0,1.6702875,0
"STEESE","36_1",1,"TREE","c","PIME",0,0,0,0,65.56454,-144.92126,2.49541,58.3437004,367.7340088,610879.8979,0,12.6,1,1,0,1,0,25,0,1.6702875,0
"STEESE","36_1",1,"TREE","d","POBA",0,0,0,0,65.56454,-144.92126,2.49541,58.3437004,367.7340088,610879.8979,0,12.6,1,1,0,1,0,25,0,1.6702875,0
"STEESE","36_1",1,"TREE","d","POTR",0,0,0,0,65.56454,-144.92126,2.49541,58.3437004,367.7340088,610879.8979,0,12.6,1,1,0,1,0,25,0,1.6702875,0
"STEESE","36_1",1,"TREE","d","SALIX",1,0.0668115,25,1.6702875,65.56454,-144.92126,2.49541,58.3437004,367.7340088,610879.8979,0,12.6,1,1,0,1,0,25,0,1.6702875,0
"STEESE","5_1",1,"TREE","d","ALCR",2,0.44510094,50,11.1275235,65.5869,-144.98392,1.47034,115.8499985,409.2749939,615125.2874,0,11.4,4,4,0,1,0,100,0,13.7727135,0
"STEESE","5_1",1,"TREE","d","ARCT",1,0.04275936,25,1.068984,65.5869,-144.98392,1.47034,115.8499985,409.2749939,615125.2874,0,11.4,4,4,0,1,0,100,0,13.7727135,0
"STEESE","5_1",1,"TREE","d","BENE",1,0.06304824,25,1.576206,65.5869,-144.98392,1.47034,115.8499985,409.2749939,615125.2874,0,11.4,4,4,0,1,0,100,0,13.7727135,0
"STEESE","5_1",1,"TREE","c","PIME",0,0,0,0,65.5869,-144.98392,1.47034,115.8499985,409.2749939,615125.2874,0,11.4,4,4,0,1,0,100,0,13.7727135,0
"STEESE","5_1",1,"TREE","d","POBA",0,0,0,0,65.5869,-144.98392,1.47034,115.8499985,409.2749939,615125.2874,0,11.4,4,4,0,1,0,100,0,13.7727135,0
"STEESE","5_1",1,"TREE","d","POTR",0,0,0,0,65.5869,-144.98392,1.47034,115.8499985,409.2749939,615125.2874,0,11.4,4,4,0,1,0,100,0,13.7727135,0
"STEESE","5_1",1,"TREE","d","SALIX",0,0,0,0,65.5869,-144.98392,1.47034,115.8499985,409.2749939,615125.2874,0,11.4,4,4,0,1,0,100,0,13.7727135,0
"STEESE","19_2",2,"TREE","d","ALCR",0,0,0,0,65.58894,-144.97484,0.339272,189.8070068,406.8299866,614924.3855,0.3,9.6,4,4,0,1,0,100,0,26.23374,0
"STEESE","19_2",2,"TREE","d","ARCT",0,0,0,0,65.58894,-144.97484,0.339272,189.8070068,406.8299866,614924.3855,0.3,9.6,4,4,0,1,0,100,0,26.23374,0
"STEESE","19_2",2,"TREE","d","BENE",2,0.12609648,50,3.152412,65.58894,-144.97484,0.339272,189.8070068,406.8299866,614924.3855,0.3,9.6,4,4,0,1,0,100,0,26.23374,0
"STEESE","19_2",2,"TREE","c","PIME",0,0,0,0,65.58894,-144.97484,0.339272,189.8070068,406.8299866,614924.3855,0.3,9.6,4,4,0,1,0,100,0,26.23374,0
"STEESE","19_2",2,"TREE","d","POBA",0,0,0,0,65.58894,-144.97484,0.339272,189.8070068,406.8299866,614924.3855,0.3,9.6,4,4,0,1,0,100,0,26.23374,0
"STEESE","19_2",2,"TREE","d","POTR",0,0,0,0,65.58894,-144.97484,0.339272,189.8070068,406.8299866,614924.3855,0.3,9.6,4,4,0,1,0,100,0,26.23374,0
"STEESE","19_2",2,"TREE","d","SALIX",2,0.92325312,50,23.081328,65.58894,-144.97484,0.339272,189.8070068,406.8299866,614924.3855,0.3,9.6,4,4,0,1,0,100,0,26.23374,0
"STEESE","26_2",2,"TREE","d","ALCR",2,0.27444528,50,6.861132,65.58922,-144.95374,0.660417,36.3540993,397.9169922,614069.5701,0,13,2,2,0,1,0,50,0,6.861132,0
"STEESE","26_2",2,"TREE","d","ARCT",0,0,0,0,65.58922,-144.95374,0.660417,36.3540993,397.9169922,614069.5701,0,13,2,2,0,1,0,50,0,6.861132,0
"STEESE","26_2",2,"TREE","d","BENE",0,0,0,0,65.58922,-144.95374,0.660417,36.3540993,397.9169922,614069.5701,0,13,2,2,0,1,0,50,0,6.861132,0
"STEESE","26_2",2,"TREE","c","PIME",0,0,0,0,65.58922,-144.95374,0.660417,36.3540993,397.9169922,614069.5701,0,13,2,2,0,1,0,50,0,6.861132,0
"STEESE","26_2",2,"TREE","d","POBA",0,0,0,0,65.58922,-144.95374,0.660417,36.3540993,397.9169922,614069.5701,0,13,2,2,0,1,0,50,0,6.861132,0
"STEESE","26_2",2,"TREE","d","POTR",0,0,0,0,65.58922,-144.95374,0.660417,36.3540993,397.9169922,614069.5701,0,13,2,2,0,1,0,50,0,6.861132,0
"STEESE","26_2",2,"TREE","d","SALIX",0,0,0,0,65.58922,-144.95374,0.660417,36.3540993,397.9169922,614069.5701,0,13,2,2,0,1,0,50,0,6.861132,0
"STEESE","27_2",2,"TREE","d","ALCR",0,0,0,0,65.58768,-144.97264,1.46521,96.3998032,404.8529968,614624.8976,0.5,9.6,0,0,0,NA,NA,0,0,0,0
"STEESE","27_2",2,"TREE","d","ARCT",0,0,0,0,65.58768,-144.97264,1.46521,96.3998032,404.8529968,614624.8976,0.5,9.6,0,0,0,NA,NA,0,0,0,0
"STEESE","27_2",2,"TREE","d","BENE",0,0,0,0,65.58768,-144.97264,1.46521,96.3998032,404.8529968,614624.8976,0.5,9.6,0,0,0,NA,NA,0,0,0,0
"STEESE","27_2",2,"TREE","c","PIME",0,0,0,0,65.58768,-144.97264,1.46521,96.3998032,404.8529968,614624.8976,0.5,9.6,0,0,0,NA,NA,0,0,0,0
"STEESE","27_2",2,"TREE","d","POBA",0,0,0,0,65.58768,-144.97264,1.46521,96.3998032,404.8529968,614624.8976,0.5,9.6,0,0,0,NA,NA,0,0,0,0
"STEESE","27_2",2,"TREE","d","POTR",0,0,0,0,65.58768,-144.97264,1.46521,96.3998032,404.8529968,614624.8976,0.5,9.6,0,0,0,NA,NA,0,0,0,0
"STEESE","27_2",2,"TREE","d","SALIX",0,0,0,0,65.58768,-144.97264,1.46521,96.3998032,404.8529968,614624.8976,0.5,9.6,0,0,0,NA,NA,0,0,0,0
"STEESE","3_2",2,"TREE","d","ALCR",0,0,0,0,65.58942,-144.9704,0.517824,60.4464989,404.8940125,614740.9913,0.5,11,1,1,0,1,0,25,0,1.396224,0
"STEESE","3_2",2,"TREE","d","ARCT",0,0,0,0,65.58942,-144.9704,0.517824,60.4464989,404.8940125,614740.9913,0.5,11,1,1,0,1,0,25,0,1.396224,0
"STEESE","3_2",2,"TREE","d","BENE",1,0.05584896,25,1.396224,65.58942,-144.9704,0.517824,60.4464989,404.8940125,614740.9913,0.5,11,1,1,0,1,0,25,0,1.396224,0
"STEESE","3_2",2,"TREE","c","PIME",0,0,0,0,65.58942,-144.9704,0.517824,60.4464989,404.8940125,614740.9913,0.5,11,1,1,0,1,0,25,0,1.396224,0
"STEESE","3_2",2,"TREE","d","POBA",0,0,0,0,65.58942,-144.9704,0.517824,60.4464989,404.8940125,614740.9913,0.5,11,1,1,0,1,0,25,0,1.396224,0
"STEESE","3_2",2,"TREE","d","POTR",0,0,0,0,65.58942,-144.9704,0.517824,60.4464989,404.8940125,614740.9913,0.5,11,1,1,0,1,0,25,0,1.396224,0
"STEESE","3_2",2,"TREE","d","SALIX",0,0,0,0,65.58942,-144.9704,0.517824,60.4464989,404.8940125,614740.9913,0.5,11,1,1,0,1,0,25,0,1.396224,0
"STEESE","34_2",2,"TREE","d","ALCR",0,0,0,0,65.58088,-145.03844,0.618209,162.3209991,427.9970093,617110.4042,0,2.6,2,2,0,1,0,50,0,4.4027415,0
"STEESE","34_2",2,"TREE","d","ARCT",0,0,0,0,65.58088,-145.03844,0.618209,162.3209991,427.9970093,617110.4042,0,2.6,2,2,0,1,0,50,0,4.4027415,0
"STEESE","34_2",2,"TREE","d","BENE",1,0.13635,25,3.40875,65.58088,-145.03844,0.618209,162.3209991,427.9970093,617110.4042,0,2.6,2,2,0,1,0,50,0,4.4027415,0
"STEESE","34_2",2,"TREE","c","PIME",0,0,0,0,65.58088,-145.03844,0.618209,162.3209991,427.9970093,617110.4042,0,2.6,2,2,0,1,0,50,0,4.4027415,0
"STEESE","34_2",2,"TREE","d","POBA",0,0,0,0,65.58088,-145.03844,0.618209,162.3209991,427.9970093,617110.4042,0,2.6,2,2,0,1,0,50,0,4.4027415,0
"STEESE","34_2",2,"TREE","d","POTR",0,0,0,0,65.58088,-145.03844,0.618209,162.3209991,427.9970093,617110.4042,0,2.6,2,2,0,1,0,50,0,4.4027415,0
"STEESE","34_2",2,"TREE","d","SALIX",1,0.03975966,25,0.9939915,65.58088,-145.03844,0.618209,162.3209991,427.9970093,617110.4042,0,2.6,2,2,0,1,0,50,0,4.4027415,0
"STEESE","4_2",2,"TREE","d","ALCR",0,0,0,0,65.58785,-144.97032,0.853737,77.2068024,403.696991,614556.4887,1.6,13,0,0,0,NA,NA,0,0,0,0
"STEESE","4_2",2,"TREE","d","ARCT",0,0,0,0,65.58785,-144.97032,0.853737,77.2068024,403.696991,614556.4887,1.6,13,0,0,0,NA,NA,0,0,0,0
"STEESE","4_2",2,"TREE","d","BENE",0,0,0,0,65.58785,-144.97032,0.853737,77.2068024,403.696991,614556.4887,1.6,13,0,0,0,NA,NA,0,0,0,0
"STEESE","4_2",2,"TREE","c","PIME",0,0,0,0,65.58785,-144.97032,0.853737,77.2068024,403.696991,614556.4887,1.6,13,0,0,0,NA,NA,0,0,0,0
"STEESE","4_2",2,"TREE","d","POBA",0,0,0,0,65.58785,-144.97032,0.853737,77.2068024,403.696991,614556.4887,1.6,13,0,0,0,NA,NA,0,0,0,0
"STEESE","4_2",2,"TREE","d","POTR",0,0,0,0,65.58785,-144.97032,0.853737,77.2068024,403.696991,614556.4887,1.6,13,0,0,0,NA,NA,0,0,0,0
"STEESE","4_2",2,"TREE","d","SALIX",0,0,0,0,65.58785,-144.97032,0.853737,77.2068024,403.696991,614556.4887,1.6,13,0,0,0,NA,NA,0,0,0,0
"STEESE","17_3",3,"TREE","d","ALCR",0,0,0,0,65.59335,-145.00465,0.941261,105.9840012,422.8439941,616492.1717,0.3,3.4,13,13,0,1,0,325,0,43.6524525,0
"STEESE","17_3",3,"TREE","d","ARCT",0,0,0,0,65.59335,-145.00465,0.941261,105.9840012,422.8439941,616492.1717,0.3,3.4,13,13,0,1,0,325,0,43.6524525,0
"STEESE","17_3",3,"TREE","d","BENE",0,0,0,0,65.59335,-145.00465,0.941261,105.9840012,422.8439941,616492.1717,0.3,3.4,13,13,0,1,0,325,0,43.6524525,0
"STEESE","17_3",3,"TREE","c","PIME",0,0,0,0,65.59335,-145.00465,0.941261,105.9840012,422.8439941,616492.1717,0.3,3.4,13,13,0,1,0,325,0,43.6524525,0
"STEESE","17_3",3,"TREE","d","POBA",0,0,0,0,65.59335,-145.00465,0.941261,105.9840012,422.8439941,616492.1717,0.3,3.4,13,13,0,1,0,325,0,43.6524525,0
"STEESE","17_3",3,"TREE","d","POTR",8,0.9675396,200,24.18849,65.59335,-145.00465,0.941261,105.9840012,422.8439941,616492.1717,0.3,3.4,13,13,0,1,0,325,0,43.6524525,0
"STEESE","17_3",3,"TREE","d","SALIX",5,0.7785585,125,19.4639625,65.59335,-145.00465,0.941261,105.9840012,422.8439941,616492.1717,0.3,3.4,13,13,0,1,0,325,0,43.6524525,0
"STEESE","2_3",3,"TREE","d","ALCR",0,0,0,0,65.5891,-145.00218,1.27923,109.0019989,419.6220093,616109.9153,1.8,1.6,26,26,0,1,0,650,0,63.5022855,0
"STEESE","2_3",3,"TREE","d","ARCT",0,0,0,0,65.5891,-145.00218,1.27923,109.0019989,419.6220093,616109.9153,1.8,1.6,26,26,0,1,0,650,0,63.5022855,0
"STEESE","2_3",3,"TREE","d","BENE",2,0.10957086,50,2.7392715,65.5891,-145.00218,1.27923,109.0019989,419.6220093,616109.9153,1.8,1.6,26,26,0,1,0,650,0,63.5022855,0
"STEESE","2_3",3,"TREE","c","PIME",0,0,0,0,65.5891,-145.00218,1.27923,109.0019989,419.6220093,616109.9153,1.8,1.6,26,26,0,1,0,650,0,63.5022855,0
"STEESE","2_3",3,"TREE","d","POBA",0,0,0,0,65.5891,-145.00218,1.27923,109.0019989,419.6220093,616109.9153,1.8,1.6,26,26,0,1,0,650,0,63.5022855,0
"STEESE","2_3",3,"TREE","d","POTR",21,2.27529972,525,56.882493,65.5891,-145.00218,1.27923,109.0019989,419.6220093,616109.9153,1.8,1.6,26,26,0,1,0,650,0,63.5022855,0
"STEESE","2_3",3,"TREE","d","SALIX",3,0.15522084,75,3.880521,65.5891,-145.00218,1.27923,109.0019989,419.6220093,616109.9153,1.8,1.6,26,26,0,1,0,650,0,63.5022855,0
"STEESE","22_3",3,"TREE","d","ALCR",0,0,0,0,65.59493,-145.01591,0.650052,117.7919998,428.9719849,617098.0506,0.9,6,18,18,0,1,0,450,0,38.145276,0
"STEESE","22_3",3,"TREE","d","ARCT",0,0,0,0,65.59493,-145.01591,0.650052,117.7919998,428.9719849,617098.0506,0.9,6,18,18,0,1,0,450,0,38.145276,0
"STEESE","22_3",3,"TREE","d","BENE",2,0.07373808,50,1.843452,65.59493,-145.01591,0.650052,117.7919998,428.9719849,617098.0506,0.9,6,18,18,0,1,0,450,0,38.145276,0
"STEESE","22_3",3,"TREE","c","PIME",0,0,0,0,65.59493,-145.01591,0.650052,117.7919998,428.9719849,617098.0506,0.9,6,18,18,0,1,0,450,0,38.145276,0
"STEESE","22_3",3,"TREE","d","POBA",0,0,0,0,65.59493,-145.01591,0.650052,117.7919998,428.9719849,617098.0506,0.9,6,18,18,0,1,0,450,0,38.145276,0
"STEESE","22_3",3,"TREE","d","POTR",7,0.3943242,175,9.858105,65.59493,-145.01591,0.650052,117.7919998,428.9719849,617098.0506,0.9,6,18,18,0,1,0,450,0,38.145276,0
"STEESE","22_3",3,"TREE","d","SALIX",9,1.05774876,225,26.443719,65.59493,-145.01591,0.650052,117.7919998,428.9719849,617098.0506,0.9,6,18,18,0,1,0,450,0,38.145276,0
"STEESE","23_3",3,"TREE","d","ALCR",0,0,0,0,65.59009,-145.00854,0.504181,108.2969971,421.7950134,616410.7035,1.3,4,5,5,0,1,0,125,0,7.9014825,0
"STEESE","23_3",3,"TREE","d","ARCT",0,0,0,0,65.59009,-145.00854,0.504181,108.2969971,421.7950134,616410.7035,1.3,4,5,5,0,1,0,125,0,7.9014825,0
"STEESE","23_3",3,"TREE","d","BENE",0,0,0,0,65.59009,-145.00854,0.504181,108.2969971,421.7950134,616410.7035,1.3,4,5,5,0,1,0,125,0,7.9014825,0
"STEESE","23_3",3,"TREE","c","PIME",0,0,0,0,65.59009,-145.00854,0.504181,108.2969971,421.7950134,616410.7035,1.3,4,5,5,0,1,0,125,0,7.9014825,0
"STEESE","23_3",3,"TREE","d","POBA",0,0,0,0,65.59009,-145.00854,0.504181,108.2969971,421.7950134,616410.7035,1.3,4,5,5,0,1,0,125,0,7.9014825,0
"STEESE","23_3",3,"TREE","d","POTR",1,0.04275936,25,1.068984,65.59009,-145.00854,0.504181,108.2969971,421.7950134,616410.7035,1.3,4,5,5,0,1,0,125,0,7.9014825,0
"STEESE","23_3",3,"TREE","d","SALIX",4,0.27329994,100,6.8324985,65.59009,-145.00854,0.504181,108.2969971,421.7950134,616410.7035,1.3,4,5,5,0,1,0,125,0,7.9014825,0
"STEESE","24_3",3,"TREE","d","ALCR",0,0,0,0,65.58874,-144.99597,0.803482,71.876503,417.1700134,615955.8968,0,1.2,42,42,0,1,0,1050,0,115.011225,0
"STEESE","24_3",3,"TREE","d","ARCT",0,0,0,0,65.58874,-144.99597,0.803482,71.876503,417.1700134,615955.8968,0,1.2,42,42,0,1,0,1050,0,115.011225,0
"STEESE","24_3",3,"TREE","d","BENE",1,0.07068384,25,1.767096,65.58874,-144.99597,0.803482,71.876503,417.1700134,615955.8968,0,1.2,42,42,0,1,0,1050,0,115.011225,0
"STEESE","24_3",3,"TREE","c","PIME",0,0,0,0,65.58874,-144.99597,0.803482,71.876503,417.1700134,615955.8968,0,1.2,42,42,0,1,0,1050,0,115.011225,0
"STEESE","24_3",3,"TREE","d","POBA",0,0,0,0,65.58874,-144.99597,0.803482,71.876503,417.1700134,615955.8968,0,1.2,42,42,0,1,0,1050,0,115.011225,0
"STEESE","24_3",3,"TREE","d","POTR",36,4.17945474,900,104.4863685,65.58874,-144.99597,0.803482,71.876503,417.1700134,615955.8968,0,1.2,42,42,0,1,0,1050,0,115.011225,0
"STEESE","24_3",3,"TREE","d","SALIX",5,0.35031042,125,8.7577605,65.58874,-144.99597,0.803482,71.876503,417.1700134,615955.8968,0,1.2,42,42,0,1,0,1050,0,115.011225,0
"STEESE","25_3",3,"TREE","d","ALCR",0,0,0,0,65.59358,-144.99825,0.472047,121.6279984,420.4249878,616308.4437,2,2.6,16,16,0,1,0,400,0,23.8108005,0
"STEESE","25_3",3,"TREE","d","ARCT",0,0,0,0,65.59358,-144.99825,0.472047,121.6279984,420.4249878,616308.4437,2,2.6,16,16,0,1,0,400,0,23.8108005,0
"STEESE","25_3",3,"TREE","d","BENE",1,0.03975966,25,0.9939915,65.59358,-144.99825,0.472047,121.6279984,420.4249878,616308.4437,2,2.6,16,16,0,1,0,400,0,23.8108005,0
"STEESE","25_3",3,"TREE","c","PIME",0,0,0,0,65.59358,-144.99825,0.472047,121.6279984,420.4249878,616308.4437,2,2.6,16,16,0,1,0,400,0,23.8108005,0
"STEESE","25_3",3,"TREE","d","POBA",0,0,0,0,65.59358,-144.99825,0.472047,121.6279984,420.4249878,616308.4437,2,2.6,16,16,0,1,0,400,0,23.8108005,0
"STEESE","25_3",3,"TREE","d","POTR",9,0.57828762,225,14.4571905,65.59358,-144.99825,0.472047,121.6279984,420.4249878,616308.4437,2,2.6,16,16,0,1,0,400,0,23.8108005,0
"STEESE","25_3",3,"TREE","d","SALIX",6,0.33438474,150,8.3596185,65.59358,-144.99825,0.472047,121.6279984,420.4249878,616308.4437,2,2.6,16,16,0,1,0,400,0,23.8108005,0
"STEESE","35_3",3,"TREE","d","ALCR",0,0,0,0,65.59224,-144.99461,1.14961,102.7590027,418.0899963,615894.5512,5.1,1.8,17,17,0,1,0,425,0,260.3480535,0
"STEESE","35_3",3,"TREE","d","ARCT",4,1.70830188,100,42.707547,65.59224,-144.99461,1.14961,102.7590027,418.0899963,615894.5512,5.1,1.8,17,17,0,1,0,425,0,260.3480535,0
"STEESE","35_3",3,"TREE","d","BENE",3,3.85826868,75,96.456717,65.59224,-144.99461,1.14961,102.7590027,418.0899963,615894.5512,5.1,1.8,17,17,0,1,0,425,0,260.3480535,0
"STEESE","35_3",3,"TREE","c","PIME",0,0,0,0,65.59224,-144.99461,1.14961,102.7590027,418.0899963,615894.5512,5.1,1.8,17,17,0,1,0,425,0,260.3480535,0
"STEESE","35_3",3,"TREE","d","POBA",1,0.04275936,25,1.068984,65.59224,-144.99461,1.14961,102.7590027,418.0899963,615894.5512,5.1,1.8,17,17,0,1,0,425,0,260.3480535,0
"STEESE","35_3",3,"TREE","d","POTR",0,0,0,0,65.59224,-144.99461,1.14961,102.7590027,418.0899963,615894.5512,5.1,1.8,17,17,0,1,0,425,0,260.3480535,0
"STEESE","35_3",3,"TREE","d","SALIX",9,4.80459222,225,120.1148055,65.59224,-144.99461,1.14961,102.7590027,418.0899963,615894.5512,5.1,1.8,17,17,0,1,0,425,0,260.3480535,0
