SITE,SITECODE,TREAT,TYPE,DIVISION,SPP,SPP_COUNT_PLOT,BASAL_PLOT,COUNT_HA,BASAL_HA,LAT,LONG,SLOPE,ELEVATION,SOLAR,EXP_MIN,OL_AV,TOTAL_COUNT_PLOT,DECID_COUNT_PLOT,CONIF_COUNT_PLOT,DECID_PROP_PLOT,CONIF_PROP_PLOT,DECID_COUNT_HA,CONIF_COUNT_HA,DECID_BASAL_HA,CONIF_BASAL_HA
DALTON,10_0,0,SAPLING,d,ALCR,0,0,0,0,65.71578,-149.22574,4.3130798,267.9599915,601249.8528,0,20,107,6,101,0.056074766,0.943925234,150,2525,125.38746,944.267382
DALTON,10_0,0,SAPLING,d,BENE,5,4.95245016,125,123.811254,65.71578,-149.22574,4.3130798,267.9599915,601249.8528,0,20,107,6,101,0.056074766,0.943925234,150,2525,125.38746,944.267382
DALTON,10_0,0,SAPLING,c,PIME,101,37.77069528,2525,944.267382,65.71578,-149.22574,4.3130798,267.9599915,601249.8528,0,20,107,6,101,0.056074766,0.943925234,150,2525,125.38746,944.267382
DALTON,10_0,0,SAPLING,d,POTR,0,0,0,0,65.71578,-149.22574,4.3130798,267.9599915,601249.8528,0,20,107,6,101,0.056074766,0.943925234,150,2525,125.38746,944.267382
DALTON,10_0,0,SAPLING,d,SALIX,1,0.06304824,25,1.576206,65.71578,-149.22574,4.3130798,267.9599915,601249.8528,0,20,107,6,101,0.056074766,0.943925234,150,2525,125.38746,944.267382
DALTON,11_0,0,SAPLING,d,ALCR,0,0,0,0,65.71918,-149.22691,3.8304601,279.3359985,602533.3492,0,17.6,38,3,35,0.078947368,0.921052632,75,875,4.112316,150.625845
DALTON,11_0,0,SAPLING,d,BENE,0,0,0,0,65.71918,-149.22691,3.8304601,279.3359985,602533.3492,0,17.6,38,3,35,0.078947368,0.921052632,75,875,4.112316,150.625845
DALTON,11_0,0,SAPLING,c,PIME,35,6.0250338,875,150.625845,65.71918,-149.22691,3.8304601,279.3359985,602533.3492,0,17.6,38,3,35,0.078947368,0.921052632,75,875,4.112316,150.625845
DALTON,11_0,0,SAPLING,d,POTR,0,0,0,0,65.71918,-149.22691,3.8304601,279.3359985,602533.3492,0,17.6,38,3,35,0.078947368,0.921052632,75,875,4.112316,150.625845
DALTON,11_0,0,SAPLING,d,SALIX,3,0.16449264,75,4.112316,65.71918,-149.22691,3.8304601,279.3359985,602533.3492,0,17.6,38,3,35,0.078947368,0.921052632,75,875,4.112316,150.625845
DALTON,44_0,0,SAPLING,d,ALCR,0,0,0,0,65.71369,-149.23332,5.85179,252.1470032,599354.3768,0,18.8,206,14,192,0.067961165,0.932038835,350,4800,75.998763,1078.978455
DALTON,44_0,0,SAPLING,d,BENE,2,1.34397468,50,33.599367,65.71369,-149.23332,5.85179,252.1470032,599354.3768,0,18.8,206,14,192,0.067961165,0.932038835,350,4800,75.998763,1078.978455
DALTON,44_0,0,SAPLING,c,PIME,192,43.1591382,4800,1078.978455,65.71369,-149.23332,5.85179,252.1470032,599354.3768,0,18.8,206,14,192,0.067961165,0.932038835,350,4800,75.998763,1078.978455
DALTON,44_0,0,SAPLING,d,POTR,0,0,0,0,65.71369,-149.23332,5.85179,252.1470032,599354.3768,0,18.8,206,14,192,0.067961165,0.932038835,350,4800,75.998763,1078.978455
DALTON,44_0,0,SAPLING,d,SALIX,12,1.69597584,300,42.399396,65.71369,-149.23332,5.85179,252.1470032,599354.3768,0,18.8,206,14,192,0.067961165,0.932038835,350,4800,75.998763,1078.978455
DALTON,58_0,0,SAPLING,d,ALCR,0,0,0,0,65.71309,-149.2278,4.3920202,262.8670044,601044.1029,0,17,21,3,18,0.142857143,0.857142857,75,450,68.9071995,445.80996
DALTON,58_0,0,SAPLING,d,BENE,2,2.64088134,50,66.0220335,65.71309,-149.2278,4.3920202,262.8670044,601044.1029,0,17,21,3,18,0.142857143,0.857142857,75,450,68.9071995,445.80996
DALTON,58_0,0,SAPLING,c,PIME,18,17.8323984,450,445.80996,65.71309,-149.2278,4.3920202,262.8670044,601044.1029,0,17,21,3,18,0.142857143,0.857142857,75,450,68.9071995,445.80996
DALTON,58_0,0,SAPLING,d,POTR,0,0,0,0,65.71309,-149.2278,4.3920202,262.8670044,601044.1029,0,17,21,3,18,0.142857143,0.857142857,75,450,68.9071995,445.80996
DALTON,58_0,0,SAPLING,d,SALIX,1,0.11540664,25,2.885166,65.71309,-149.2278,4.3920202,262.8670044,601044.1029,0,17,21,3,18,0.142857143,0.857142857,75,450,68.9071995,445.80996
DALTON,12_1,1,SAPLING,d,ALCR,0,0,0,0,65.7068,-149.18559,6.7337098,261.8880005,599446.6717,12.5,4.5,40,40,0,1,0,1000,0,1.22715,0
DALTON,12_1,1,SAPLING,d,BENE,20,0.0392688,500,0.98172,65.7068,-149.18559,6.7337098,261.8880005,599446.6717,12.5,4.5,40,40,0,1,0,1000,0,1.22715,0
DALTON,12_1,1,SAPLING,c,PIME,0,0,0,0,65.7068,-149.18559,6.7337098,261.8880005,599446.6717,12.5,4.5,40,40,0,1,0,1000,0,1.22715,0
DALTON,12_1,1,SAPLING,d,POTR,0,0,0,0,65.7068,-149.18559,6.7337098,261.8880005,599446.6717,12.5,4.5,40,40,0,1,0,1000,0,1.22715,0
DALTON,12_1,1,SAPLING,d,SALIX,20,0.0098172,500,0.24543,65.7068,-149.18559,6.7337098,261.8880005,599446.6717,12.5,4.5,40,40,0,1,0,1000,0,1.22715,0
DALTON,41_1,1,SAPLING,d,ALCR,0,0,0,0,65.70615,-149.22386,13.2546997,248.1640015,594485.5498,22.5,8.2,13,13,0,1,0,325,0,5.5835325,0
DALTON,41_1,1,SAPLING,d,BENE,8,0.0850824,200,2.12706,65.70615,-149.22386,13.2546997,248.1640015,594485.5498,22.5,8.2,13,13,0,1,0,325,0,5.5835325,0
DALTON,41_1,1,SAPLING,c,PIME,0,0,0,0,65.70615,-149.22386,13.2546997,248.1640015,594485.5498,22.5,8.2,13,13,0,1,0,325,0,5.5835325,0
DALTON,41_1,1,SAPLING,d,POTR,0,0,0,0,65.70615,-149.22386,13.2546997,248.1640015,594485.5498,22.5,8.2,13,13,0,1,0,325,0,5.5835325,0
DALTON,41_1,1,SAPLING,d,SALIX,5,0.1382589,125,3.4564725,65.70615,-149.22386,13.2546997,248.1640015,594485.5498,22.5,8.2,13,13,0,1,0,325,0,5.5835325,0
DALTON,42_1,1,SAPLING,d,ALCR,1,0.36672696,25,9.168174,65.69112,-149.11751,7.1159101,327.4930115,606715.4025,10,11.4,9,8,1,0.888888889,0.111111111,200,25,10.4621355,0.049086
DALTON,42_1,1,SAPLING,d,BENE,7,0.05175846,175,1.2939615,65.69112,-149.11751,7.1159101,327.4930115,606715.4025,10,11.4,9,8,1,0.888888889,0.111111111,200,25,10.4621355,0.049086
DALTON,42_1,1,SAPLING,c,PIME,1,0.00196344,25,0.049086,65.69112,-149.11751,7.1159101,327.4930115,606715.4025,10,11.4,9,8,1,0.888888889,0.111111111,200,25,10.4621355,0.049086
DALTON,42_1,1,SAPLING,d,POTR,0,0,0,0,65.69112,-149.11751,7.1159101,327.4930115,606715.4025,10,11.4,9,8,1,0.888888889,0.111111111,200,25,10.4621355,0.049086
DALTON,42_1,1,SAPLING,d,SALIX,0,0,0,0,65.69112,-149.11751,7.1159101,327.4930115,606715.4025,10,11.4,9,8,1,0.888888889,0.111111111,200,25,10.4621355,0.049086
DALTON,48_1,1,SAPLING,d,ALCR,0,0,0,0,65.70551,-149.22821,3.33901,257.7170105,600634.2123,10,2.8,23,22,1,0.956521739,0.043478261,550,25,146.7630495,0.0668115
DALTON,48_1,1,SAPLING,d,BENE,13,5.16662874,325,129.1657185,65.70551,-149.22821,3.33901,257.7170105,600634.2123,10,2.8,23,22,1,0.956521739,0.043478261,550,25,146.7630495,0.0668115
DALTON,48_1,1,SAPLING,c,PIME,1,0.00267246,25,0.0668115,65.70551,-149.22821,3.33901,257.7170105,600634.2123,10,2.8,23,22,1,0.956521739,0.043478261,550,25,146.7630495,0.0668115
DALTON,48_1,1,SAPLING,d,POTR,1,0.00049086,25,0.0122715,65.70551,-149.22821,3.33901,257.7170105,600634.2123,10,2.8,23,22,1,0.956521739,0.043478261,550,25,146.7630495,0.0668115
DALTON,48_1,1,SAPLING,d,SALIX,8,0.70340238,200,17.5850595,65.70551,-149.22821,3.33901,257.7170105,600634.2123,10,2.8,23,22,1,0.956521739,0.043478261,550,25,146.7630495,0.0668115
DALTON,50_1,1,SAPLING,d,ALCR,0,0,0,0,65.70692,-149.18695,5.6178198,257.9140015,599456.8481,0,4,20,20,0,1,0,500,0,0.10908,0
DALTON,50_1,1,SAPLING,d,BENE,0,0,0,0,65.70692,-149.18695,5.6178198,257.9140015,599456.8481,0,4,20,20,0,1,0,500,0,0.10908,0
DALTON,50_1,1,SAPLING,c,PIME,0,0,0,0,65.70692,-149.18695,5.6178198,257.9140015,599456.8481,0,4,20,20,0,1,0,500,0,0.10908,0
DALTON,50_1,1,SAPLING,d,POTR,0,0,0,0,65.70692,-149.18695,5.6178198,257.9140015,599456.8481,0,4,20,20,0,1,0,500,0,0.10908,0
DALTON,50_1,1,SAPLING,d,SALIX,20,0.0043632,500,0.10908,65.70692,-149.18695,5.6178198,257.9140015,599456.8481,0,4,20,20,0,1,0,500,0,0.10908,0
DALTON,52_1,1,SAPLING,d,ALCR,1,0.28273536,25,7.068384,65.69073,-149.1245,5.24822,347.9249878,609798.2024,5,6.8,2,2,0,1,0,50,0,7.0806555,0
DALTON,52_1,1,SAPLING,d,BENE,0,0,0,0,65.69073,-149.1245,5.24822,347.9249878,609798.2024,5,6.8,2,2,0,1,0,50,0,7.0806555,0
DALTON,52_1,1,SAPLING,c,PIME,0,0,0,0,65.69073,-149.1245,5.24822,347.9249878,609798.2024,5,6.8,2,2,0,1,0,50,0,7.0806555,0
DALTON,52_1,1,SAPLING,d,POTR,0,0,0,0,65.69073,-149.1245,5.24822,347.9249878,609798.2024,5,6.8,2,2,0,1,0,50,0,7.0806555,0
DALTON,52_1,1,SAPLING,d,SALIX,1,0.00049086,25,0.0122715,65.69073,-149.1245,5.24822,347.9249878,609798.2024,5,6.8,2,2,0,1,0,50,0,7.0806555,0
DALTON,64_1,1,SAPLING,d,ALCR,20,0.6283008,500,15.70752,65.70761,-149.19055,7.25036,251.2550049,598158.4809,0,5.2,120,120,0,1,0,3000,0,30.29697,0
DALTON,64_1,1,SAPLING,d,BENE,100,0.583578,2500,14.58945,65.70761,-149.19055,7.25036,251.2550049,598158.4809,0,5.2,120,120,0,1,0,3000,0,30.29697,0
DALTON,64_1,1,SAPLING,c,PIME,0,0,0,0,65.70761,-149.19055,7.25036,251.2550049,598158.4809,0,5.2,120,120,0,1,0,3000,0,30.29697,0
DALTON,64_1,1,SAPLING,d,POTR,0,0,0,0,65.70761,-149.19055,7.25036,251.2550049,598158.4809,0,5.2,120,120,0,1,0,3000,0,30.29697,0
DALTON,64_1,1,SAPLING,d,SALIX,0,0,0,0,65.70761,-149.19055,7.25036,251.2550049,598158.4809,0,5.2,120,120,0,1,0,3000,0,30.29697,0
DALTON,65_1,1,SAPLING,d,ALCR,0,0,0,0,65.70811,-149.19125,6.3059802,245.8760071,597345.7863,2.5,3.3,1,1,0,1,0,25,0,0.0668115,0
DALTON,65_1,1,SAPLING,d,BENE,1,0.00267246,25,0.0668115,65.70811,-149.19125,6.3059802,245.8760071,597345.7863,2.5,3.3,1,1,0,1,0,25,0,0.0668115,0
DALTON,65_1,1,SAPLING,c,PIME,0,0,0,0,65.70811,-149.19125,6.3059802,245.8760071,597345.7863,2.5,3.3,1,1,0,1,0,25,0,0.0668115,0
DALTON,65_1,1,SAPLING,d,POTR,0,0,0,0,65.70811,-149.19125,6.3059802,245.8760071,597345.7863,2.5,3.3,1,1,0,1,0,25,0,0.0668115,0
DALTON,65_1,1,SAPLING,d,SALIX,0,0,0,0,65.70811,-149.19125,6.3059802,245.8760071,597345.7863,2.5,3.3,1,1,0,1,0,25,0,0.0668115,0
DALTON,16_2,2,SAPLING,d,ALCR,0,0,0,0,65.70504,-149.15279,4.1869702,322.3699951,606063.6038,2.5,3.2,174,174,0,1,0,4350,0,57.6555975,0
DALTON,16_2,2,SAPLING,d,BENE,63,1.12117878,1575,28.0294695,65.70504,-149.15279,4.1869702,322.3699951,606063.6038,2.5,3.2,174,174,0,1,0,4350,0,57.6555975,0
DALTON,16_2,2,SAPLING,c,PIME,0,0,0,0,65.70504,-149.15279,4.1869702,322.3699951,606063.6038,2.5,3.2,174,174,0,1,0,4350,0,57.6555975,0
DALTON,16_2,2,SAPLING,d,POTR,10,0.12702366,250,3.1755915,65.70504,-149.15279,4.1869702,322.3699951,606063.6038,2.5,3.2,174,174,0,1,0,4350,0,57.6555975,0
DALTON,16_2,2,SAPLING,d,SALIX,101,1.05802146,2525,26.4505365,65.70504,-149.15279,4.1869702,322.3699951,606063.6038,2.5,3.2,174,174,0,1,0,4350,0,57.6555975,0
DALTON,32_2,2,SAPLING,d,ALCR,0,0,0,0,65.6884,-149.1244,6.7414899,362.2969971,610389.6289,1.25,1.62,53,53,0,1,0,1325,0,139.6224,0
DALTON,32_2,2,SAPLING,d,BENE,32,5.12316036,800,128.079009,65.6884,-149.1244,6.7414899,362.2969971,610389.6289,1.25,1.62,53,53,0,1,0,1325,0,139.6224,0
DALTON,32_2,2,SAPLING,c,PIME,0,0,0,0,65.6884,-149.1244,6.7414899,362.2969971,610389.6289,1.25,1.62,53,53,0,1,0,1325,0,139.6224,0
DALTON,32_2,2,SAPLING,d,POTR,4,0.04286844,100,1.071711,65.6884,-149.1244,6.7414899,362.2969971,610389.6289,1.25,1.62,53,53,0,1,0,1325,0,139.6224,0
DALTON,32_2,2,SAPLING,d,SALIX,17,0.4188672,425,10.47168,65.6884,-149.1244,6.7414899,362.2969971,610389.6289,1.25,1.62,53,53,0,1,0,1325,0,139.6224,0
DALTON,39_2,2,SAPLING,d,ALCR,2,3.47272542,50,86.8181355,65.70004,-149.11685,4.0569301,313.4150085,605911.4401,0,7.3,26,26,0,1,0,650,0,184.440645,0
DALTON,39_2,2,SAPLING,d,BENE,17,3.68155908,425,92.038977,65.70004,-149.11685,4.0569301,313.4150085,605911.4401,0,7.3,26,26,0,1,0,650,0,184.440645,0
DALTON,39_2,2,SAPLING,c,PIME,0,0,0,0,65.70004,-149.11685,4.0569301,313.4150085,605911.4401,0,7.3,26,26,0,1,0,650,0,184.440645,0
DALTON,39_2,2,SAPLING,d,POTR,0,0,0,0,65.70004,-149.11685,4.0569301,313.4150085,605911.4401,0,7.3,26,26,0,1,0,650,0,184.440645,0
DALTON,39_2,2,SAPLING,d,SALIX,7,0.2233413,175,5.5835325,65.70004,-149.11685,4.0569301,313.4150085,605911.4401,0,7.3,26,26,0,1,0,650,0,184.440645,0
DALTON,40_2,2,SAPLING,d,ALCR,0,0,0,0,65.69016,-149.12027,5.6810298,351.7460022,610103.855,10,2,27,27,0,1,0,675,0,174.402558,0
DALTON,40_2,2,SAPLING,d,BENE,14,4.01065344,350,100.266336,65.69016,-149.12027,5.6810298,351.7460022,610103.855,10,2,27,27,0,1,0,675,0,174.402558,0
DALTON,40_2,2,SAPLING,c,PIME,0,0,0,0,65.69016,-149.12027,5.6810298,351.7460022,610103.855,10,2,27,27,0,1,0,675,0,174.402558,0
DALTON,40_2,2,SAPLING,d,POTR,3,0.02170692,75,0.542673,65.69016,-149.12027,5.6810298,351.7460022,610103.855,10,2,27,27,0,1,0,675,0,174.402558,0
DALTON,40_2,2,SAPLING,d,SALIX,10,2.94374196,250,73.593549,65.69016,-149.12027,5.6810298,351.7460022,610103.855,10,2,27,27,0,1,0,675,0,174.402558,0
DALTON,47_2,2,SAPLING,d,ALCR,33,4.50304056,825,112.576014,65.69946,-149.15793,5.2288299,266.3460083,600811.2884,0,4.8,87,87,0,1,0,2175,0,140.565942,0
DALTON,47_2,2,SAPLING,d,BENE,51,1.0946178,1275,27.365445,65.69946,-149.15793,5.2288299,266.3460083,600811.2884,0,4.8,87,87,0,1,0,2175,0,140.565942,0
DALTON,47_2,2,SAPLING,c,PIME,0,0,0,0,65.69946,-149.15793,5.2288299,266.3460083,600811.2884,0,4.8,87,87,0,1,0,2175,0,140.565942,0
DALTON,47_2,2,SAPLING,d,POTR,0,0,0,0,65.69946,-149.15793,5.2288299,266.3460083,600811.2884,0,4.8,87,87,0,1,0,2175,0,140.565942,0
DALTON,47_2,2,SAPLING,d,SALIX,3,0.02497932,75,0.624483,65.69946,-149.15793,5.2288299,266.3460083,600811.2884,0,4.8,87,87,0,1,0,2175,0,140.565942,0
DALTON,56_2,2,SAPLING,d,ALCR,6,0.0957177,150,2.3929425,65.69936,-149.1514,4.3580298,279.446991,602107.422,38.75,3.3,106,106,0,1,0,2650,0,48.627864,0
DALTON,56_2,2,SAPLING,d,BENE,89,1.43063874,2225,35.7659685,65.69936,-149.1514,4.3580298,279.446991,602107.422,38.75,3.3,106,106,0,1,0,2650,0,48.627864,0
DALTON,56_2,2,SAPLING,c,PIME,0,0,0,0,65.69936,-149.1514,4.3580298,279.446991,602107.422,38.75,3.3,106,106,0,1,0,2650,0,48.627864,0
DALTON,56_2,2,SAPLING,d,POTR,0,0,0,0,65.69936,-149.1514,4.3580298,279.446991,602107.422,38.75,3.3,106,106,0,1,0,2650,0,48.627864,0
DALTON,56_2,2,SAPLING,d,SALIX,11,0.41875812,275,10.468953,65.69936,-149.1514,4.3580298,279.446991,602107.422,38.75,3.3,106,106,0,1,0,2650,0,48.627864,0
DALTON,57_2,2,SAPLING,d,ALCR,2,0.80686476,50,20.171619,65.69627,-149.15442,3.48876,260.6889954,600326.3039,43.75,0.9,166,166,0,1,0,4150,0,135.9614025,0
DALTON,57_2,2,SAPLING,d,BENE,154,4.51094886,3850,112.7737215,65.69627,-149.15442,3.48876,260.6889954,600326.3039,43.75,0.9,166,166,0,1,0,4150,0,135.9614025,0
DALTON,57_2,2,SAPLING,c,PIME,0,0,0,0,65.69627,-149.15442,3.48876,260.6889954,600326.3039,43.75,0.9,166,166,0,1,0,4150,0,135.9614025,0
DALTON,57_2,2,SAPLING,d,POTR,0,0,0,0,65.69627,-149.15442,3.48876,260.6889954,600326.3039,43.75,0.9,166,166,0,1,0,4150,0,135.9614025,0
DALTON,57_2,2,SAPLING,d,SALIX,10,0.12064248,250,3.016062,65.69627,-149.15442,3.48876,260.6889954,600326.3039,43.75,0.9,166,166,0,1,0,4150,0,135.9614025,0
DALTON,8_2,2,SAPLING,d,ALCR,5,9.5259564,125,238.14891,65.70418,-149.14612,5.25912,336.2000122,607079.4354,42.5,1.4,33,32,1,0.96969697,0.03030303,800,25,573.5303685,0.267246
DALTON,8_2,2,SAPLING,d,BENE,5,1.58967738,125,39.7419345,65.70418,-149.14612,5.25912,336.2000122,607079.4354,42.5,1.4,33,32,1,0.96969697,0.03030303,800,25,573.5303685,0.267246
DALTON,8_2,2,SAPLING,c,PIME,1,0.01068984,25,0.267246,65.70418,-149.14612,5.25912,336.2000122,607079.4354,42.5,1.4,33,32,1,0.96969697,0.03030303,800,25,573.5303685,0.267246
DALTON,8_2,2,SAPLING,d,POTR,0,0,0,0,65.70418,-149.14612,5.25912,336.2000122,607079.4354,42.5,1.4,33,32,1,0.96969697,0.03030303,800,25,573.5303685,0.267246
DALTON,8_2,2,SAPLING,d,SALIX,22,11.82558096,550,295.639524,65.70418,-149.14612,5.25912,336.2000122,607079.4354,42.5,1.4,33,32,1,0.96969697,0.03030303,800,25,573.5303685,0.267246
DALTON,14_3,3,SAPLING,d,ALCR,2,0.12576924,50,3.144231,65.68749,-149.19668,7.5756898,310.9630127,604788.0359,0,0.875,14,14,0,1,0,350,0,7.027479,0
DALTON,14_3,3,SAPLING,d,BENE,7,0.06337548,175,1.584387,65.68749,-149.19668,7.5756898,310.9630127,604788.0359,0,0.875,14,14,0,1,0,350,0,7.027479,0
DALTON,14_3,3,SAPLING,c,PIME,0,0,0,0,65.68749,-149.19668,7.5756898,310.9630127,604788.0359,0,0.875,14,14,0,1,0,350,0,7.027479,0
DALTON,14_3,3,SAPLING,d,POTR,0,0,0,0,65.68749,-149.19668,7.5756898,310.9630127,604788.0359,0,0.875,14,14,0,1,0,350,0,7.027479,0
DALTON,14_3,3,SAPLING,d,SALIX,5,0.09195444,125,2.298861,65.68749,-149.19668,7.5756898,310.9630127,604788.0359,0,0.875,14,14,0,1,0,350,0,7.027479,0
DALTON,15_3,3,SAPLING,d,ALCR,0,0,0,0,65.6936,-149.19728,11.0676003,316.0270081,603810.8466,10,2.97,540,540,0,1,0,13500,0,572.01552,0
DALTON,15_3,3,SAPLING,d,BENE,520,19.3366116,13000,483.41529,65.6936,-149.19728,11.0676003,316.0270081,603810.8466,10,2.97,540,540,0,1,0,13500,0,572.01552,0
DALTON,15_3,3,SAPLING,c,PIME,0,0,0,0,65.6936,-149.19728,11.0676003,316.0270081,603810.8466,10,2.97,540,540,0,1,0,13500,0,572.01552,0
DALTON,15_3,3,SAPLING,d,POTR,0,0,0,0,65.6936,-149.19728,11.0676003,316.0270081,603810.8466,10,2.97,540,540,0,1,0,13500,0,572.01552,0
DALTON,15_3,3,SAPLING,d,SALIX,20,3.5440092,500,88.60023,65.6936,-149.19728,11.0676003,316.0270081,603810.8466,10,2.97,540,540,0,1,0,13500,0,572.01552,0
DALTON,37_3,3,SAPLING,d,ALCR,12,1.5391188,300,38.47797,65.68577,-149.19524,10.3354998,287.2839966,602007.9447,38.75,2.5,57,57,0,1,0,1425,0,129.966093,0
DALTON,37_3,3,SAPLING,d,BENE,17,0.77343174,425,19.3357935,65.68577,-149.19524,10.3354998,287.2839966,602007.9447,38.75,2.5,57,57,0,1,0,1425,0,129.966093,0
DALTON,37_3,3,SAPLING,c,PIME,0,0,0,0,65.68577,-149.19524,10.3354998,287.2839966,602007.9447,38.75,2.5,57,57,0,1,0,1425,0,129.966093,0
DALTON,37_3,3,SAPLING,d,POTR,0,0,0,0,65.68577,-149.19524,10.3354998,287.2839966,602007.9447,38.75,2.5,57,57,0,1,0,1425,0,129.966093,0
DALTON,37_3,3,SAPLING,d,SALIX,28,2.88609318,700,72.1523295,65.68577,-149.19524,10.3354998,287.2839966,602007.9447,38.75,2.5,57,57,0,1,0,1425,0,129.966093,0
DALTON,54_3,3,SAPLING,d,ALCR,0,0,0,0,65.69318,-149.19493,8.7726297,336.9719849,606549.7337,67.5,1.25,22,22,0,1,0,550,0,45.2013885,0
DALTON,54_3,3,SAPLING,d,BENE,19,1.39720572,475,34.930143,65.69318,-149.19493,8.7726297,336.9719849,606549.7337,67.5,1.25,22,22,0,1,0,550,0,45.2013885,0
DALTON,54_3,3,SAPLING,c,PIME,0,0,0,0,65.69318,-149.19493,8.7726297,336.9719849,606549.7337,67.5,1.25,22,22,0,1,0,550,0,45.2013885,0
DALTON,54_3,3,SAPLING,d,POTR,0,0,0,0,65.69318,-149.19493,8.7726297,336.9719849,606549.7337,67.5,1.25,22,22,0,1,0,550,0,45.2013885,0
DALTON,54_3,3,SAPLING,d,SALIX,3,0.41084982,75,10.2712455,65.69318,-149.19493,8.7726297,336.9719849,606549.7337,67.5,1.25,22,22,0,1,0,550,0,45.2013885,0
DALTON,55_3,3,SAPLING,d,ALCR,6,2.15416638,150,53.8541595,65.69235,-149.19681,10.9991999,333.5549927,605419.8585,50,1.62,146,146,0,1,0,3650,0,171.083799,0
DALTON,55_3,3,SAPLING,d,BENE,106,3.11848812,2650,77.962203,65.69235,-149.19681,10.9991999,333.5549927,605419.8585,50,1.62,146,146,0,1,0,3650,0,171.083799,0
DALTON,55_3,3,SAPLING,c,PIME,0,0,0,0,65.69235,-149.19681,10.9991999,333.5549927,605419.8585,50,1.62,146,146,0,1,0,3650,0,171.083799,0
DALTON,55_3,3,SAPLING,d,POTR,0,0,0,0,65.69235,-149.19681,10.9991999,333.5549927,605419.8585,50,1.62,146,146,0,1,0,3650,0,171.083799,0
DALTON,55_3,3,SAPLING,d,SALIX,34,1.57069746,850,39.2674365,65.69235,-149.19681,10.9991999,333.5549927,605419.8585,50,1.62,146,146,0,1,0,3650,0,171.083799,0
DALTON,7_3,3,SAPLING,d,ALCR,2,0.17894574,50,4.4736435,65.68674,-149.19289,9.26019,292.8930054,602306.2811,32.5,1.7,7,7,0,1,0,175,0,6.825681,0
DALTON,7_3,3,SAPLING,d,BENE,4,0.07002936,100,1.750734,65.68674,-149.19289,9.26019,292.8930054,602306.2811,32.5,1.7,7,7,0,1,0,175,0,6.825681,0
DALTON,7_3,3,SAPLING,c,PIME,0,0,0,0,65.68674,-149.19289,9.26019,292.8930054,602306.2811,32.5,1.7,7,7,0,1,0,175,0,6.825681,0
DALTON,7_3,3,SAPLING,d,POTR,0,0,0,0,65.68674,-149.19289,9.26019,292.8930054,602306.2811,32.5,1.7,7,7,0,1,0,175,0,6.825681,0
DALTON,7_3,3,SAPLING,d,SALIX,1,0.02405214,25,0.6013035,65.68674,-149.19289,9.26019,292.8930054,602306.2811,32.5,1.7,7,7,0,1,0,175,0,6.825681,0
STEESE,1_0,0,SAPLING,d,ALCR,0,0,0,0,65.5631,-145.02356,2.58249,442.0629883,618011.3063,0,20.5,60,0,60,0,1,0,1500,0,19.54787075
STEESE,1_0,0,SAPLING,d,ARCT,0,0,0,0,65.5631,-145.02356,2.58249,442.0629883,618011.3063,0,20.5,16,0,60,0,3.75,0,1500,0,19.54787075
STEESE,1_0,0,SAPLING,d,BENE,0,0,0,0,65.5631,-145.02356,2.58249,442.0629883,618011.3063,0,20.5,17,0,60,0,3.529411765,0,1500,0,19.54787075
STEESE,1_0,0,SAPLING,c,PIME,60,0.78191483,1500,19.54787075,65.5631,-145.02356,2.58249,442.0629883,618011.3063,0,20.5,24,0,60,0,2.5,0,1500,0,19.54787075
STEESE,1_0,0,SAPLING,d,POBA,0,0,0,0,65.5631,-145.02356,2.58249,442.0629883,618011.3063,0,20.5,54,0,60,0,1.111111111,0,1500,0,19.54787075
STEESE,1_0,0,SAPLING,d,POTR,0,0,0,0,65.5631,-145.02356,2.58249,442.0629883,618011.3063,0,20.5,7,0,60,0,8.571428571,0,1500,0,19.54787075
STEESE,1_0,0,SAPLING,d,SALIX,0,0,0,0,65.5631,-145.02356,2.58249,442.0629883,618011.3063,0,20.5,16,0,60,0,3.75,0,1500,0,19.54787075
STEESE,31_0,0,SAPLING,d,ALCR,0,0,0,0,65.5649,-144.96962,1.41787,393.6340027,613316.3514,0,18.6,33,0,16,0,0.484848485,0,400,0,5.468764894
STEESE,31_0,0,SAPLING,d,ARCT,0,0,0,0,65.5649,-144.96962,1.41787,393.6340027,613316.3514,0,18.6,16,0,16,0,1,0,400,0,5.468764894
STEESE,31_0,0,SAPLING,d,BENE,0,0,0,0,65.5649,-144.96962,1.41787,393.6340027,613316.3514,0,18.6,7,0,16,0,2.285714286,0,400,0,5.468764894
STEESE,31_0,0,SAPLING,c,PIME,16,0.218750596,400,5.468764894,65.5649,-144.96962,1.41787,393.6340027,613316.3514,0,18.6,11,0,16,0,1.454545455,0,400,0,5.468764894
STEESE,31_0,0,SAPLING,d,POBA,0,0,0,0,65.5649,-144.96962,1.41787,393.6340027,613316.3514,0,18.6,10,0,16,0,1.6,0,400,0,5.468764894
STEESE,31_0,0,SAPLING,d,POTR,0,0,0,0,65.5649,-144.96962,1.41787,393.6340027,613316.3514,0,18.6,34,0,16,0,0.470588235,0,400,0,5.468764894
STEESE,31_0,0,SAPLING,d,SALIX,0,0,0,0,65.5649,-144.96962,1.41787,393.6340027,613316.3514,0,18.6,14,0,16,0,1.142857143,0,400,0,5.468764894
STEESE,6_0,0,SAPLING,d,ALCR,0,0,0,0,65.56738,-144.92766,2.1138599,367.2260132,610943.4977,0,19.8,14,1,16,0.071428571,1.142857143,25,400,3.629521156,15.65032341
STEESE,6_0,0,SAPLING,d,ARCT,0,0,0,0,65.56738,-144.92766,2.1138599,367.2260132,610943.4977,0,19.8,136,1,16,0.007352941,0.117647059,25,400,3.629521156,15.65032341
STEESE,6_0,0,SAPLING,d,BENE,0,0,0,0,65.56738,-144.92766,2.1138599,367.2260132,610943.4977,0,19.8,8,1,16,0.125,2,25,400,3.629521156,15.65032341
STEESE,6_0,0,SAPLING,c,PIME,16,0.626012936,400,15.65032341,65.56738,-144.92766,2.1138599,367.2260132,610943.4977,0,19.8,182,1,16,0.005494505,0.087912088,25,400,3.629521156,15.65032341
STEESE,6_0,0,SAPLING,d,POBA,0,0,0,0,65.56738,-144.92766,2.1138599,367.2260132,610943.4977,0,19.8,43,1,16,0.023255814,0.372093023,25,400,3.629521156,15.65032341
STEESE,6_0,0,SAPLING,d,POTR,0,0,0,0,65.56738,-144.92766,2.1138599,367.2260132,610943.4977,0,19.8,141,1,16,0.007092199,0.113475177,25,400,3.629521156,15.65032341
STEESE,6_0,0,SAPLING,d,SALIX,1,0.145180846,25,3.629521156,65.56738,-144.92766,2.1138599,367.2260132,610943.4977,0,19.8,23,1,16,0.043478261,0.695652174,25,400,3.629521156,15.65032341
STEESE,9_0,0,SAPLING,d,ALCR,0,0,0,0,65.56702,-144.9287,1.91345,369.2820129,611139.9469,0,21.9,125,0,24,0,0.192,0,600,0,79.42776646
STEESE,9_0,0,SAPLING,d,ARCT,0,0,0,0,65.56702,-144.9287,1.91345,369.2820129,611139.9469,0,21.9,81,0,24,0,0.296296296,0,600,0,79.42776646
STEESE,9_0,0,SAPLING,d,BENE,0,0,0,0,65.56702,-144.9287,1.91345,369.2820129,611139.9469,0,21.9,40,0,24,0,0.6,0,600,0,79.42776646
STEESE,9_0,0,SAPLING,c,PIME,24,3.177110658,600,79.42776646,65.56702,-144.9287,1.91345,369.2820129,611139.9469,0,21.9,60,0,24,0,0.4,0,600,0,79.42776646
STEESE,9_0,0,SAPLING,d,POBA,0,0,0,0,65.56702,-144.9287,1.91345,369.2820129,611139.9469,0,21.9,16,0,24,0,1.5,0,600,0,79.42776646
STEESE,9_0,0,SAPLING,d,POTR,0,0,0,0,65.56702,-144.9287,1.91345,369.2820129,611139.9469,0,21.9,17,0,24,0,1.411764706,0,600,0,79.42776646
STEESE,9_0,0,SAPLING,d,SALIX,0,0,0,0,65.56702,-144.9287,1.91345,369.2820129,611139.9469,0,21.9,24,0,24,0,1,0,600,0,79.42776646
STEESE,18_1,1,SAPLING,d,ALCR,0,0,0,0,65.58321,-145.00757,1.22018,415.95401,615661.5585,0,7.75,54,54,0,1,0,1350,0,5.489451,0
STEESE,18_1,1,SAPLING,d,ARCT,0,0,0,0,65.58321,-145.00757,1.22018,415.95401,615661.5585,0,7.75,7,54,0,7.714285714,0,1350,0,5.489451,0
STEESE,18_1,1,SAPLING,d,BENE,50,0.2176146,1250,5.440365,65.58321,-145.00757,1.22018,415.95401,615661.5585,0,7.75,16,54,0,3.375,0,1350,0,5.489451,0
STEESE,18_1,1,SAPLING,c,PIME,0,0,0,0,65.58321,-145.00757,1.22018,415.95401,615661.5585,0,7.75,33,54,0,1.636363636,0,1350,0,5.489451,0
STEESE,18_1,1,SAPLING,d,POBA,0,0,0,0,65.58321,-145.00757,1.22018,415.95401,615661.5585,0,7.75,16,54,0,3.375,0,1350,0,5.489451,0
STEESE,18_1,1,SAPLING,d,POTR,0,0,0,0,65.58321,-145.00757,1.22018,415.95401,615661.5585,0,7.75,7,54,0,7.714285714,0,1350,0,5.489451,0
STEESE,18_1,1,SAPLING,d,SALIX,4,0.00196344,100,0.049086,65.58321,-145.00757,1.22018,415.95401,615661.5585,0,7.75,11,54,0,4.909090909,0,1350,0,5.489451,0
STEESE,20_1,1,SAPLING,d,ALCR,0,0,0,0,65.5648,-144.92697,1.26079,371.9349976,611370.3313,0,13,10,7,0,0.7,0,175,0,24.2253045,0
STEESE,20_1,1,SAPLING,d,ARCT,0,0,0,0,65.5648,-144.92697,1.26079,371.9349976,611370.3313,0,13,34,7,0,0.205882353,0,175,0,24.2253045,0
STEESE,20_1,1,SAPLING,d,BENE,0,0,0,0,65.5648,-144.92697,1.26079,371.9349976,611370.3313,0,13,14,7,0,0.5,0,175,0,24.2253045,0
STEESE,20_1,1,SAPLING,c,PIME,0,0,0,0,65.5648,-144.92697,1.26079,371.9349976,611370.3313,0,13,14,7,0,0.5,0,175,0,24.2253045,0
STEESE,20_1,1,SAPLING,d,POBA,0,0,0,0,65.5648,-144.92697,1.26079,371.9349976,611370.3313,0,13,136,7,0,0.051470588,0,175,0,24.2253045,0
STEESE,20_1,1,SAPLING,d,POTR,0,0,0,0,65.5648,-144.92697,1.26079,371.9349976,611370.3313,0,13,8,7,0,0.875,0,175,0,24.2253045,0
STEESE,20_1,1,SAPLING,d,SALIX,7,0.96901218,175,24.2253045,65.5648,-144.92697,1.26079,371.9349976,611370.3313,0,13,182,7,0,0.038461538,0,175,0,24.2253045,0
STEESE,28_1,1,SAPLING,d,ALCR,0,0,0,0,65.58453,-144.97688,1.64726,404.0740051,614486.8667,0,11,43,16,0,0.372093023,0,400,0,0.51813,0
STEESE,28_1,1,SAPLING,d,ARCT,0,0,0,0,65.58453,-144.97688,1.64726,404.0740051,614486.8667,0,11,141,16,0,0.113475177,0,400,0,0.51813,0
STEESE,28_1,1,SAPLING,d,BENE,12,0.01625292,300,0.406323,65.58453,-144.97688,1.64726,404.0740051,614486.8667,0,11,23,16,0,0.695652174,0,400,0,0.51813,0
STEESE,28_1,1,SAPLING,c,PIME,0,0,0,0,65.58453,-144.97688,1.64726,404.0740051,614486.8667,0,11,125,16,0,0.128,0,400,0,0.51813,0
STEESE,28_1,1,SAPLING,d,POBA,0,0,0,0,65.58453,-144.97688,1.64726,404.0740051,614486.8667,0,11,81,16,0,0.197530864,0,400,0,0.51813,0
STEESE,28_1,1,SAPLING,d,POTR,0,0,0,0,65.58453,-144.97688,1.64726,404.0740051,614486.8667,0,11,40,16,0,0.4,0,400,0,0.51813,0
STEESE,28_1,1,SAPLING,d,SALIX,4,0.00447228,100,0.111807,65.58453,-144.97688,1.64726,404.0740051,614486.8667,0,11,60,16,0,0.266666667,0,400,0,0.51813,0
STEESE,29_1,1,SAPLING,d,ALCR,0,0,0,0,65.58229,-145.0013,1.31306,411.6220093,615269.6914,0,11,16,33,0,2.0625,0,825,0,33.3089415,0
STEESE,29_1,1,SAPLING,d,ARCT,0,0,0,0,65.58229,-145.0013,1.31306,411.6220093,615269.6914,0,11,17,33,0,1.941176471,0,825,0,33.3089415,0
STEESE,29_1,1,SAPLING,d,BENE,24,1.32543108,600,33.135777,65.58229,-145.0013,1.31306,411.6220093,615269.6914,0,11,24,33,0,1.375,0,825,0,33.3089415,0
STEESE,29_1,1,SAPLING,c,PIME,0,0,0,0,65.58229,-145.0013,1.31306,411.6220093,615269.6914,0,11,54,33,0,0.611111111,0,825,0,33.3089415,0
STEESE,29_1,1,SAPLING,d,POBA,0,0,0,0,65.58229,-145.0013,1.31306,411.6220093,615269.6914,0,11,7,33,0,4.714285714,0,825,0,33.3089415,0
STEESE,29_1,1,SAPLING,d,POTR,0,0,0,0,65.58229,-145.0013,1.31306,411.6220093,615269.6914,0,11,16,33,0,2.0625,0,825,0,33.3089415,0
STEESE,29_1,1,SAPLING,d,SALIX,9,0.00692658,225,0.1731645,65.58229,-145.0013,1.31306,411.6220093,615269.6914,0,11,33,33,0,1,0,825,0,33.3089415,0
STEESE,33_1,1,SAPLING,d,ALCR,2,0.14136768,50,3.534192,65.58279,-144.99422,2.1331899,408.3590088,615002.8692,0,8.5,16,6,10,0.375,0.625,150,250,5.074947,60.664842
STEESE,33_1,1,SAPLING,d,ARCT,0,0,0,0,65.58279,-144.99422,2.1331899,408.3590088,615002.8692,0,8.5,7,6,10,0.857142857,1.428571429,150,250,5.074947,60.664842
STEESE,33_1,1,SAPLING,d,BENE,0,0,0,0,65.58279,-144.99422,2.1331899,408.3590088,615002.8692,0,8.5,11,6,10,0.545454545,0.909090909,150,250,5.074947,60.664842
STEESE,33_1,1,SAPLING,c,PIME,10,2.42659368,250,60.664842,65.58279,-144.99422,2.1331899,408.3590088,615002.8692,0,8.5,10,6,10,0.6,1,150,250,5.074947,60.664842
STEESE,33_1,1,SAPLING,d,POBA,0,0,0,0,65.58279,-144.99422,2.1331899,408.3590088,615002.8692,0,8.5,34,6,10,0.176470588,0.294117647,150,250,5.074947,60.664842
STEESE,33_1,1,SAPLING,d,POTR,0,0,0,0,65.58279,-144.99422,2.1331899,408.3590088,615002.8692,0,8.5,14,6,10,0.428571429,0.714285714,150,250,5.074947,60.664842
STEESE,33_1,1,SAPLING,d,SALIX,4,0.0616302,100,1.540755,65.58279,-144.99422,2.1331899,408.3590088,615002.8692,0,8.5,14,6,10,0.428571429,0.714285714,150,250,5.074947,60.664842
STEESE,36_1,1,SAPLING,d,ALCR,0,0,0,0,65.56454,-144.92126,2.49541,367.7340088,610879.8979,0,12.6,136,7,0,0.051470588,0,175,0,3.196044,0
STEESE,36_1,1,SAPLING,d,ARCT,0,0,0,0,65.56454,-144.92126,2.49541,367.7340088,610879.8979,0,12.6,8,7,0,0.875,0,175,0,3.196044,0
STEESE,36_1,1,SAPLING,d,BENE,0,0,0,0,65.56454,-144.92126,2.49541,367.7340088,610879.8979,0,12.6,182,7,0,0.038461538,0,175,0,3.196044,0
STEESE,36_1,1,SAPLING,c,PIME,0,0,0,0,65.56454,-144.92126,2.49541,367.7340088,610879.8979,0,12.6,43,7,0,0.162790698,0,175,0,3.196044,0
STEESE,36_1,1,SAPLING,d,POBA,0,0,0,0,65.56454,-144.92126,2.49541,367.7340088,610879.8979,0,12.6,141,7,0,0.04964539,0,175,0,3.196044,0
STEESE,36_1,1,SAPLING,d,POTR,0,0,0,0,65.56454,-144.92126,2.49541,367.7340088,610879.8979,0,12.6,23,7,0,0.304347826,0,175,0,3.196044,0
STEESE,36_1,1,SAPLING,d,SALIX,7,0.12784176,175,3.196044,65.56454,-144.92126,2.49541,367.7340088,610879.8979,0,12.6,125,7,0,0.056,0,175,0,3.196044,0
STEESE,5_1,1,SAPLING,d,ALCR,2,0.44510094,50,11.1275235,65.5869,-144.98392,1.47034,409.2749939,615125.2874,0,11.4,81,11,0,0.135802469,0,275,0,15.1716645,0
STEESE,5_1,1,SAPLING,d,ARCT,1,0.04275936,25,1.068984,65.5869,-144.98392,1.47034,409.2749939,615125.2874,0,11.4,40,11,0,0.275,0,275,0,15.1716645,0
STEESE,5_1,1,SAPLING,d,BENE,8,0.11900628,200,2.975157,65.5869,-144.98392,1.47034,409.2749939,615125.2874,0,11.4,60,11,0,0.183333333,0,275,0,15.1716645,0
STEESE,5_1,1,SAPLING,c,PIME,0,0,0,0,65.5869,-144.98392,1.47034,409.2749939,615125.2874,0,11.4,16,11,0,0.6875,0,275,0,15.1716645,0
STEESE,5_1,1,SAPLING,d,POBA,0,0,0,0,65.5869,-144.98392,1.47034,409.2749939,615125.2874,0,11.4,17,11,0,0.647058824,0,275,0,15.1716645,0
STEESE,5_1,1,SAPLING,d,POTR,0,0,0,0,65.5869,-144.98392,1.47034,409.2749939,615125.2874,0,11.4,24,11,0,0.458333333,0,275,0,15.1716645,0
STEESE,5_1,1,SAPLING,d,SALIX,0,0,0,0,65.5869,-144.98392,1.47034,409.2749939,615125.2874,0,11.4,54,11,0,0.203703704,0,275,0,15.1716645,0
STEESE,19_2,2,SAPLING,d,ALCR,0,0,0,0,65.58894,-144.97484,0.339272,406.8299866,614924.3855,0.3,9.6,7,10,0,1.428571429,0,250,0,0.578124,0
STEESE,19_2,2,SAPLING,d,ARCT,0,0,0,0,65.58894,-144.97484,0.339272,406.8299866,614924.3855,0.3,9.6,16,10,0,0.625,0,250,0,0.578124,0
STEESE,19_2,2,SAPLING,d,BENE,0,0,0,0,65.58894,-144.97484,0.339272,406.8299866,614924.3855,0.3,9.6,33,10,0,0.303030303,0,250,0,0.578124,0
STEESE,19_2,2,SAPLING,c,PIME,0,0,0,0,65.58894,-144.97484,0.339272,406.8299866,614924.3855,0.3,9.6,16,10,0,0.625,0,250,0,0.578124,0
STEESE,19_2,2,SAPLING,d,POBA,0,0,0,0,65.58894,-144.97484,0.339272,406.8299866,614924.3855,0.3,9.6,7,10,0,1.428571429,0,250,0,0.578124,0
STEESE,19_2,2,SAPLING,d,POTR,2,0.00098172,50,0.024543,65.58894,-144.97484,0.339272,406.8299866,614924.3855,0.3,9.6,11,10,0,0.909090909,0,250,0,0.578124,0
STEESE,19_2,2,SAPLING,d,SALIX,8,0.02214324,200,0.553581,65.58894,-144.97484,0.339272,406.8299866,614924.3855,0.3,9.6,10,10,0,1,0,250,0,0.578124,0
STEESE,26_2,2,SAPLING,d,ALCR,7,0.12255138,175,3.0637845,65.58922,-144.95374,0.660417,397.9169922,614069.5701,0,13,34,33,1,0.970588235,0.029411765,825,25,5.091309,0.087264
STEESE,26_2,2,SAPLING,d,ARCT,0,0,0,0,65.58922,-144.95374,0.660417,397.9169922,614069.5701,0,13,14,33,1,2.357142857,0.071428571,825,25,5.091309,0.087264
STEESE,26_2,2,SAPLING,d,BENE,21,0.07477434,525,1.8693585,65.58922,-144.95374,0.660417,397.9169922,614069.5701,0,13,14,33,1,2.357142857,0.071428571,825,25,5.091309,0.087264
STEESE,26_2,2,SAPLING,c,PIME,1,0.00349056,25,0.087264,65.58922,-144.95374,0.660417,397.9169922,614069.5701,0,13,136,33,1,0.242647059,0.007352941,825,25,5.091309,0.087264
STEESE,26_2,2,SAPLING,d,POBA,0,0,0,0,65.58922,-144.95374,0.660417,397.9169922,614069.5701,0,13,8,33,1,4.125,0.125,825,25,5.091309,0.087264
STEESE,26_2,2,SAPLING,d,POTR,1,5.45E-05,25,0.0013635,65.58922,-144.95374,0.660417,397.9169922,614069.5701,0,13,182,33,1,0.181318681,0.005494505,825,25,5.091309,0.087264
STEESE,26_2,2,SAPLING,d,SALIX,4,0.0062721,100,0.1568025,65.58922,-144.95374,0.660417,397.9169922,614069.5701,0,13,43,33,1,0.76744186,0.023255814,825,25,5.091309,0.087264
STEESE,27_2,2,SAPLING,d,ALCR,0,0,0,0,65.58768,-144.97264,1.46521,404.8529968,614624.8976,0.5,9.6,141,14,0,0.09929078,0,350,0,0.5767605,0
STEESE,27_2,2,SAPLING,d,ARCT,0,0,0,0,65.58768,-144.97264,1.46521,404.8529968,614624.8976,0.5,9.6,23,14,0,0.608695652,0,350,0,0.5767605,0
STEESE,27_2,2,SAPLING,d,BENE,12,0.02061612,300,0.515403,65.58768,-144.97264,1.46521,404.8529968,614624.8976,0.5,9.6,125,14,0,0.112,0,350,0,0.5767605,0
STEESE,27_2,2,SAPLING,c,PIME,0,0,0,0,65.58768,-144.97264,1.46521,404.8529968,614624.8976,0.5,9.6,81,14,0,0.172839506,0,350,0,0.5767605,0
STEESE,27_2,2,SAPLING,d,POBA,0,0,0,0,65.58768,-144.97264,1.46521,404.8529968,614624.8976,0.5,9.6,40,14,0,0.35,0,350,0,0.5767605,0
STEESE,27_2,2,SAPLING,d,POTR,0,0,0,0,65.58768,-144.97264,1.46521,404.8529968,614624.8976,0.5,9.6,60,14,0,0.233333333,0,350,0,0.5767605,0
STEESE,27_2,2,SAPLING,d,SALIX,2,0.0024543,50,0.0613575,65.58768,-144.97264,1.46521,404.8529968,614624.8976,0.5,9.6,16,14,0,0.875,0,350,0,0.5767605,0
STEESE,3_2,2,SAPLING,d,ALCR,0,0,0,0,65.58942,-144.9704,0.517824,404.8940125,614740.9913,0.5,11,17,14,0,0.823529412,0,350,0,0.9994455,0
STEESE,3_2,2,SAPLING,d,ARCT,3,0.02110698,75,0.5276745,65.58942,-144.9704,0.517824,404.8940125,614740.9913,0.5,11,24,14,0,0.583333333,0,350,0,0.9994455,0
STEESE,3_2,2,SAPLING,d,BENE,8,0.0177255,200,0.4431375,65.58942,-144.9704,0.517824,404.8940125,614740.9913,0.5,11,54,14,0,0.259259259,0,350,0,0.9994455,0
STEESE,3_2,2,SAPLING,c,PIME,0,0,0,0,65.58942,-144.9704,0.517824,404.8940125,614740.9913,0.5,11,7,14,0,2,0,350,0,0.9994455,0
STEESE,3_2,2,SAPLING,d,POBA,0,0,0,0,65.58942,-144.9704,0.517824,404.8940125,614740.9913,0.5,11,16,14,0,0.875,0,350,0,0.9994455,0
STEESE,3_2,2,SAPLING,d,POTR,3,0.00114534,75,0.0286335,65.58942,-144.9704,0.517824,404.8940125,614740.9913,0.5,11,33,14,0,0.424242424,0,350,0,0.9994455,0
STEESE,3_2,2,SAPLING,d,SALIX,0,0,0,0,65.58942,-144.9704,0.517824,404.8940125,614740.9913,0.5,11,16,14,0,0.875,0,350,0,0.9994455,0
STEESE,34_2,2,SAPLING,d,ALCR,0,0,0,0,65.58088,-145.03844,0.618209,427.9970093,617110.4042,0,2.6,7,136,0,19.42857143,0,3400,0,14.6071755,0
STEESE,34_2,2,SAPLING,d,ARCT,0,0,0,0,65.58088,-145.03844,0.618209,427.9970093,617110.4042,0,2.6,11,136,0,12.36363636,0,3400,0,14.6071755,0
STEESE,34_2,2,SAPLING,d,BENE,15,0.16258374,375,4.0645935,65.58088,-145.03844,0.618209,427.9970093,617110.4042,0,2.6,10,136,0,13.6,0,3400,0,14.6071755,0
STEESE,34_2,2,SAPLING,c,PIME,0,0,0,0,65.58088,-145.03844,0.618209,427.9970093,617110.4042,0,2.6,34,136,0,4,0,3400,0,14.6071755,0
STEESE,34_2,2,SAPLING,d,POBA,0,0,0,0,65.58088,-145.03844,0.618209,427.9970093,617110.4042,0,2.6,14,136,0,9.714285714,0,3400,0,14.6071755,0
STEESE,34_2,2,SAPLING,d,POTR,3,0.00452682,75,0.1131705,65.58088,-145.03844,0.618209,427.9970093,617110.4042,0,2.6,14,136,0,9.714285714,0,3400,0,14.6071755,0
STEESE,34_2,2,SAPLING,d,SALIX,118,0.41717646,2950,10.4294115,65.58088,-145.03844,0.618209,427.9970093,617110.4042,0,2.6,136,136,0,1,0,3400,0,14.6071755,0
STEESE,4_2,2,SAPLING,d,ALCR,0,0,0,0,65.58785,-144.97032,0.853737,403.696991,614556.4887,1.6,13,8,8,0,1,0,200,0,0.534492,0
STEESE,4_2,2,SAPLING,d,ARCT,0,0,0,0,65.58785,-144.97032,0.853737,403.696991,614556.4887,1.6,13,182,8,0,0.043956044,0,200,0,0.534492,0
STEESE,4_2,2,SAPLING,d,BENE,8,0.02137968,200,0.534492,65.58785,-144.97032,0.853737,403.696991,614556.4887,1.6,13,43,8,0,0.186046512,0,200,0,0.534492,0
STEESE,4_2,2,SAPLING,c,PIME,0,0,0,0,65.58785,-144.97032,0.853737,403.696991,614556.4887,1.6,13,141,8,0,0.056737589,0,200,0,0.534492,0
STEESE,4_2,2,SAPLING,d,POBA,0,0,0,0,65.58785,-144.97032,0.853737,403.696991,614556.4887,1.6,13,23,8,0,0.347826087,0,200,0,0.534492,0
STEESE,4_2,2,SAPLING,d,POTR,0,0,0,0,65.58785,-144.97032,0.853737,403.696991,614556.4887,1.6,13,125,8,0,0.064,0,200,0,0.534492,0
STEESE,4_2,2,SAPLING,d,SALIX,0,0,0,0,65.58785,-144.97032,0.853737,403.696991,614556.4887,1.6,13,81,8,0,0.098765432,0,200,0,0.534492,0
STEESE,17_3,3,SAPLING,d,ALCR,0,0,0,0,65.59335,-145.00465,0.941261,422.8439941,616492.1717,0.3,3.4,40,181,1,4.525,0.025,4525,25,65.968857,0.1649835
STEESE,17_3,3,SAPLING,d,ARCT,2,0.00632664,50,0.158166,65.59335,-145.00465,0.941261,422.8439941,616492.1717,0.3,3.4,60,181,1,3.016666667,0.016666667,4525,25,65.968857,0.1649835
STEESE,17_3,3,SAPLING,d,BENE,2,0.0035451,50,0.0886275,65.59335,-145.00465,0.941261,422.8439941,616492.1717,0.3,3.4,16,181,1,11.3125,0.0625,4525,25,65.968857,0.1649835
STEESE,17_3,3,SAPLING,c,PIME,1,0.00659934,25,0.1649835,65.59335,-145.00465,0.941261,422.8439941,616492.1717,0.3,3.4,17,181,1,10.64705882,0.058823529,4525,25,65.968857,0.1649835
STEESE,17_3,3,SAPLING,d,POBA,0,0,0,0,65.59335,-145.00465,0.941261,422.8439941,616492.1717,0.3,3.4,24,181,1,7.541666667,0.041666667,4525,25,65.968857,0.1649835
STEESE,17_3,3,SAPLING,d,POTR,105,1.70742924,2625,42.685731,65.59335,-145.00465,0.941261,422.8439941,616492.1717,0.3,3.4,54,181,1,3.351851852,0.018518519,4525,25,65.968857,0.1649835
STEESE,17_3,3,SAPLING,d,SALIX,72,0.9214533,1800,23.0363325,65.59335,-145.00465,0.941261,422.8439941,616492.1717,0.3,3.4,7,181,1,25.85714286,0.142857143,4525,25,65.968857,0.1649835
STEESE,2_3,3,SAPLING,d,ALCR,0,0,0,0,65.5891,-145.00218,1.27923,419.6220093,616109.9153,1.8,1.6,16,43,0,2.6875,0,1075,0,18.131823,0
STEESE,2_3,3,SAPLING,d,ARCT,0,0,0,0,65.5891,-145.00218,1.27923,419.6220093,616109.9153,1.8,1.6,33,43,0,1.303030303,0,1075,0,18.131823,0
STEESE,2_3,3,SAPLING,d,BENE,3,0.11049804,75,2.762451,65.5891,-145.00218,1.27923,419.6220093,616109.9153,1.8,1.6,16,43,0,2.6875,0,1075,0,18.131823,0
STEESE,2_3,3,SAPLING,c,PIME,0,0,0,0,65.5891,-145.00218,1.27923,419.6220093,616109.9153,1.8,1.6,7,43,0,6.142857143,0,1075,0,18.131823,0
STEESE,2_3,3,SAPLING,d,POBA,0,0,0,0,65.5891,-145.00218,1.27923,419.6220093,616109.9153,1.8,1.6,11,43,0,3.909090909,0,1075,0,18.131823,0
STEESE,2_3,3,SAPLING,d,POTR,29,0.55734426,725,13.9336065,65.5891,-145.00218,1.27923,419.6220093,616109.9153,1.8,1.6,10,43,0,4.3,0,1075,0,18.131823,0
STEESE,2_3,3,SAPLING,d,SALIX,11,0.05743062,275,1.4357655,65.5891,-145.00218,1.27923,419.6220093,616109.9153,1.8,1.6,34,43,0,1.264705882,0,1075,0,18.131823,0
STEESE,22_3,3,SAPLING,d,ALCR,0,0,0,0,65.59493,-145.01591,0.650052,428.9719849,617098.0506,0.9,6,14,140,1,10,0.071428571,3500,25,43.599276,0.1104435
STEESE,22_3,3,SAPLING,d,ARCT,3,0.00616302,75,0.1540755,65.59493,-145.01591,0.650052,428.9719849,617098.0506,0.9,6,14,140,1,10,0.071428571,3500,25,43.599276,0.1104435
STEESE,22_3,3,SAPLING,d,BENE,15,0.09266346,375,2.3165865,65.59493,-145.01591,0.650052,428.9719849,617098.0506,0.9,6,136,140,1,1.029411765,0.007352941,3500,25,43.599276,0.1104435
STEESE,22_3,3,SAPLING,c,PIME,1,0.00441774,25,0.1104435,65.59493,-145.01591,0.650052,428.9719849,617098.0506,0.9,6,8,140,1,17.5,0.125,3500,25,43.599276,0.1104435
STEESE,22_3,3,SAPLING,d,POBA,0,0,0,0,65.59493,-145.01591,0.650052,428.9719849,617098.0506,0.9,6,182,140,1,0.769230769,0.005494505,3500,25,43.599276,0.1104435
STEESE,22_3,3,SAPLING,d,POTR,57,0.8003745,1425,20.0093625,65.59493,-145.01591,0.650052,428.9719849,617098.0506,0.9,6,43,140,1,3.255813953,0.023255814,3500,25,43.599276,0.1104435
STEESE,22_3,3,SAPLING,d,SALIX,65,0.84477006,1625,21.1192515,65.59493,-145.01591,0.650052,428.9719849,617098.0506,0.9,6,141,140,1,0.992907801,0.007092199,3500,25,43.599276,0.1104435
STEESE,23_3,3,SAPLING,d,ALCR,0,0,0,0,65.59009,-145.00854,0.504181,421.7950134,616410.7035,1.3,4,23,23,0,1,0,575,0,4.889511,0
STEESE,23_3,3,SAPLING,d,ARCT,0,0,0,0,65.59009,-145.00854,0.504181,421.7950134,616410.7035,1.3,4,125,23,0,0.184,0,575,0,4.889511,0
STEESE,23_3,3,SAPLING,d,BENE,3,0.01974348,75,0.493587,65.59009,-145.00854,0.504181,421.7950134,616410.7035,1.3,4,81,23,0,0.283950617,0,575,0,4.889511,0
STEESE,23_3,3,SAPLING,c,PIME,0,0,0,0,65.59009,-145.00854,0.504181,421.7950134,616410.7035,1.3,4,40,23,0,0.575,0,575,0,4.889511,0
STEESE,23_3,3,SAPLING,d,POBA,0,0,0,0,65.59009,-145.00854,0.504181,421.7950134,616410.7035,1.3,4,60,23,0,0.383333333,0,575,0,4.889511,0
STEESE,23_3,3,SAPLING,d,POTR,6,0.0640845,150,1.6021125,65.59009,-145.00854,0.504181,421.7950134,616410.7035,1.3,4,16,23,0,1.4375,0,575,0,4.889511,0
STEESE,23_3,3,SAPLING,d,SALIX,14,0.11175246,350,2.7938115,65.59009,-145.00854,0.504181,421.7950134,616410.7035,1.3,4,17,23,0,1.352941176,0,575,0,4.889511,0
STEESE,24_3,3,SAPLING,d,ALCR,0,0,0,0,65.58874,-144.99597,0.803482,417.1700134,615955.8968,0,1.2,24,125,0,5.208333333,0,3125,0,87.798492,0
STEESE,24_3,3,SAPLING,d,ARCT,0,0,0,0,65.58874,-144.99597,0.803482,417.1700134,615955.8968,0,1.2,54,125,0,2.314814815,0,3125,0,87.798492,0
STEESE,24_3,3,SAPLING,d,BENE,2,0.0021816,50,0.05454,65.58874,-144.99597,0.803482,417.1700134,615955.8968,0,1.2,7,125,0,17.85714286,0,3125,0,87.798492,0
STEESE,24_3,3,SAPLING,c,PIME,0,0,0,0,65.58874,-144.99597,0.803482,417.1700134,615955.8968,0,1.2,16,125,0,7.8125,0,3125,0,87.798492,0
STEESE,24_3,3,SAPLING,d,POBA,0,0,0,0,65.58874,-144.99597,0.803482,417.1700134,615955.8968,0,1.2,33,125,0,3.787878788,0,3125,0,87.798492,0
STEESE,24_3,3,SAPLING,d,POTR,52,3.1458672,1300,78.64668,65.58874,-144.99597,0.803482,417.1700134,615955.8968,0,1.2,16,125,0,7.8125,0,3125,0,87.798492,0
STEESE,24_3,3,SAPLING,d,SALIX,71,0.36389088,1775,9.097272,65.58874,-144.99597,0.803482,417.1700134,615955.8968,0,1.2,7,125,0,17.85714286,0,3125,0,87.798492,0
STEESE,25_3,3,SAPLING,d,ALCR,0,0,0,0,65.59358,-144.99825,0.472047,420.4249878,616308.4437,2,2.6,11,81,0,7.363636364,0,2025,0,27.864486,0
STEESE,25_3,3,SAPLING,d,ARCT,1,0.01968894,25,0.4922235,65.59358,-144.99825,0.472047,420.4249878,616308.4437,2,2.6,10,81,0,8.1,0,2025,0,27.864486,0
STEESE,25_3,3,SAPLING,d,BENE,0,0,0,0,65.59358,-144.99825,0.472047,420.4249878,616308.4437,2,2.6,34,81,0,2.382352941,0,2025,0,27.864486,0
STEESE,25_3,3,SAPLING,c,PIME,0,0,0,0,65.59358,-144.99825,0.472047,420.4249878,616308.4437,2,2.6,14,81,0,5.785714286,0,2025,0,27.864486,0
STEESE,25_3,3,SAPLING,d,POBA,0,0,0,0,65.59358,-144.99825,0.472047,420.4249878,616308.4437,2,2.6,14,81,0,5.785714286,0,2025,0,27.864486,0
STEESE,25_3,3,SAPLING,d,POTR,33,0.6340275,825,15.8506875,65.59358,-144.99825,0.472047,420.4249878,616308.4437,2,2.6,136,81,0,0.595588235,0,2025,0,27.864486,0
STEESE,25_3,3,SAPLING,d,SALIX,47,0.460863,1175,11.521575,65.59358,-144.99825,0.472047,420.4249878,616308.4437,2,2.6,8,81,0,10.125,0,2025,0,27.864486,0
STEESE,35_3,3,SAPLING,d,ALCR,1,0.01767096,25,0.441774,65.59224,-144.99461,1.14961,418.0899963,615894.5512,5.1,1.8,182,39,1,0.214285714,0.005494505,975,25,224.6270805,0.267246
STEESE,35_3,3,SAPLING,d,ARCT,4,0.40457772,100,10.114443,65.59224,-144.99461,1.14961,418.0899963,615894.5512,5.1,1.8,43,39,1,0.906976744,0.023255814,975,25,224.6270805,0.267246
STEESE,35_3,3,SAPLING,d,BENE,13,3.98671038,325,99.6677595,65.59224,-144.99461,1.14961,418.0899963,615894.5512,5.1,1.8,141,39,1,0.276595745,0.007092199,975,25,224.6270805,0.267246
STEESE,35_3,3,SAPLING,c,PIME,1,0.01068984,25,0.267246,65.59224,-144.99461,1.14961,418.0899963,615894.5512,5.1,1.8,23,39,1,1.695652174,0.043478261,975,25,224.6270805,0.267246
STEESE,35_3,3,SAPLING,d,POBA,1,0.02885166,25,0.7212915,65.59224,-144.99461,1.14961,418.0899963,615894.5512,5.1,1.8,125,39,1,0.312,0.008,975,25,224.6270805,0.267246
STEESE,35_3,3,SAPLING,d,POTR,7,0.0338148,175,0.84537,65.59224,-144.99461,1.14961,418.0899963,615894.5512,5.1,1.8,81,39,1,0.481481481,0.012345679,975,25,224.6270805,0.267246
STEESE,35_3,3,SAPLING,d,SALIX,13,4.5134577,325,112.8364425,65.59224,-144.99461,1.14961,418.0899963,615894.5512,5.1,1.8,40,39,1,0.975,0.025,975,25,224.6270805,0.267246