SITE,SITECODE,TREAT,DIVISION,SPP,SPP_COUNT_PLOT,QUAD,TOTAL_COUNT_PLOT,DECID_COUNT_SUBPLOT,CONIF_COUNT_SUBPLOT,DECID_PROP_PLOT,CONIF_PROP_PLOT,CONIF_COUNT_PLOT,DECID_COUNT_PLOT,CONIF_COUNT_HA,DECID_COUNT_HA,SLOPE,SOLAR,ELEVATION,OL_AV,EXP_MIN,CONIF_COUNT_M,DECID_COUNT_M,LONG,LAT
Upland,10_0,0,d,ALCR,0,1,105,30,75,0.285714286,0.714285714,300,120,7500,3000,4.3130798,601249.8528,267.9599915,20,0,0.75,0.3,-149.22574,65.71578
Upland,10_0,0,d,ARCTO,0,1,105,30,75,0.285714286,0.714285714,300,120,7500,3000,4.3130798,601249.8528,267.9599915,20,0,0.75,0.3,-149.22574,65.71578
Upland,10_0,0,d,BENE,3,1,105,30,75,0.285714286,0.714285714,300,120,7500,3000,4.3130798,601249.8528,267.9599915,20,0,0.75,0.3,-149.22574,65.71578
Upland,10_0,0,c,PIGL,0,1,105,30,75,0.285714286,0.714285714,300,120,7500,3000,4.3130798,601249.8528,267.9599915,20,0,0.75,0.3,-149.22574,65.71578
Upland,10_0,0,c,PIME,75,1,105,30,75,0.285714286,0.714285714,300,120,7500,3000,4.3130798,601249.8528,267.9599915,20,0,0.75,0.3,-149.22574,65.71578
Upland,10_0,0,d,POBA,0,1,105,30,75,0.285714286,0.714285714,300,120,7500,3000,4.3130798,601249.8528,267.9599915,20,0,0.75,0.3,-149.22574,65.71578
Upland,10_0,0,d,POTR,0,1,105,30,75,0.285714286,0.714285714,300,120,7500,3000,4.3130798,601249.8528,267.9599915,20,0,0.75,0.3,-149.22574,65.71578
Upland,10_0,0,d,SALIX,27,1,105,30,75,0.285714286,0.714285714,300,120,7500,3000,4.3130798,601249.8528,267.9599915,20,0,0.75,0.3,-149.22574,65.71578
Upland,11_0,0,d,ALCR,0,1,99,8,91,0.080808081,0.919191919,364,32,9100,800,3.8304601,602533.3492,279.3359985,17.6,0,0.91,0.08,-149.22691,65.71918
Upland,11_0,0,d,ARCTO,0,1,99,8,91,0.080808081,0.919191919,364,32,9100,800,3.8304601,602533.3492,279.3359985,17.6,0,0.91,0.08,-149.22691,65.71918
Upland,11_0,0,d,BENE,0,1,99,8,91,0.080808081,0.919191919,364,32,9100,800,3.8304601,602533.3492,279.3359985,17.6,0,0.91,0.08,-149.22691,65.71918
Upland,11_0,0,c,PIGL,0,1,99,8,91,0.080808081,0.919191919,364,32,9100,800,3.8304601,602533.3492,279.3359985,17.6,0,0.91,0.08,-149.22691,65.71918
Upland,11_0,0,c,PIME,91,1,99,8,91,0.080808081,0.919191919,364,32,9100,800,3.8304601,602533.3492,279.3359985,17.6,0,0.91,0.08,-149.22691,65.71918
Upland,11_0,0,d,POBA,0,1,99,8,91,0.080808081,0.919191919,364,32,9100,800,3.8304601,602533.3492,279.3359985,17.6,0,0.91,0.08,-149.22691,65.71918
Upland,11_0,0,d,POTR,0,1,99,8,91,0.080808081,0.919191919,364,32,9100,800,3.8304601,602533.3492,279.3359985,17.6,0,0.91,0.08,-149.22691,65.71918
Upland,11_0,0,d,SALIX,8,1,99,8,91,0.080808081,0.919191919,364,32,9100,800,3.8304601,602533.3492,279.3359985,17.6,0,0.91,0.08,-149.22691,65.71918
Upland,44_0,0,d,ALCR,0,1,58,1,57,0.017241379,0.982758621,228,4,5700,100,5.85179,599354.3768,252.1470032,18.8,0,0.57,0.01,-149.23332,65.71369
Upland,44_0,0,d,ARCTO,0,1,58,1,57,0.017241379,0.982758621,228,4,5700,100,5.85179,599354.3768,252.1470032,18.8,0,0.57,0.01,-149.23332,65.71369
Upland,44_0,0,d,BENE,0,1,58,1,57,0.017241379,0.982758621,228,4,5700,100,5.85179,599354.3768,252.1470032,18.8,0,0.57,0.01,-149.23332,65.71369
Upland,44_0,0,c,PIGL,0,1,58,1,57,0.017241379,0.982758621,228,4,5700,100,5.85179,599354.3768,252.1470032,18.8,0,0.57,0.01,-149.23332,65.71369
Upland,44_0,0,c,PIME,57,1,58,1,57,0.017241379,0.982758621,228,4,5700,100,5.85179,599354.3768,252.1470032,18.8,0,0.57,0.01,-149.23332,65.71369
Upland,44_0,0,d,POBA,0,1,58,1,57,0.017241379,0.982758621,228,4,5700,100,5.85179,599354.3768,252.1470032,18.8,0,0.57,0.01,-149.23332,65.71369
Upland,44_0,0,d,POTR,0,1,58,1,57,0.017241379,0.982758621,228,4,5700,100,5.85179,599354.3768,252.1470032,18.8,0,0.57,0.01,-149.23332,65.71369
Upland,44_0,0,d,SALIX,1,1,58,1,57,0.017241379,0.982758621,228,4,5700,100,5.85179,599354.3768,252.1470032,18.8,0,0.57,0.01,-149.23332,65.71369
Upland,58_0,0,d,ALCR,0,1,55,8,47,0.145454545,0.854545455,188,32,4700,800,4.3920202,601044.1029,262.8670044,17,0,0.47,0.08,-149.2278,65.71309
Upland,58_0,0,d,ARCTO,0,1,55,8,47,0.145454545,0.854545455,188,32,4700,800,4.3920202,601044.1029,262.8670044,17,0,0.47,0.08,-149.2278,65.71309
Upland,58_0,0,d,BENE,0,1,55,8,47,0.145454545,0.854545455,188,32,4700,800,4.3920202,601044.1029,262.8670044,17,0,0.47,0.08,-149.2278,65.71309
Upland,58_0,0,c,PIGL,0,1,55,8,47,0.145454545,0.854545455,188,32,4700,800,4.3920202,601044.1029,262.8670044,17,0,0.47,0.08,-149.2278,65.71309
Upland,58_0,0,c,PIME,47,1,55,8,47,0.145454545,0.854545455,188,32,4700,800,4.3920202,601044.1029,262.8670044,17,0,0.47,0.08,-149.2278,65.71309
Upland,58_0,0,d,POBA,0,1,55,8,47,0.145454545,0.854545455,188,32,4700,800,4.3920202,601044.1029,262.8670044,17,0,0.47,0.08,-149.2278,65.71309
Upland,58_0,0,d,POTR,0,1,55,8,47,0.145454545,0.854545455,188,32,4700,800,4.3920202,601044.1029,262.8670044,17,0,0.47,0.08,-149.2278,65.71309
Upland,58_0,0,d,SALIX,8,1,55,8,47,0.145454545,0.854545455,188,32,4700,800,4.3920202,601044.1029,262.8670044,17,0,0.47,0.08,-149.2278,65.71309
Upland,12_1,1,d,ALCR,15,1,3355,3110,245,0.926974665,0.073025335,980,12440,24500,311000,6.7337098,599446.6717,261.8880005,4.5,12.5,2.45,31.1,-149.18559,65.7068
Upland,12_1,1,d,ARCTO,0,1,3355,3110,245,0.926974665,0.073025335,980,12440,24500,311000,6.7337098,599446.6717,261.8880005,4.5,12.5,2.45,31.1,-149.18559,65.7068
Upland,12_1,1,d,BENE,1205,1,3355,3110,245,0.926974665,0.073025335,980,12440,24500,311000,6.7337098,599446.6717,261.8880005,4.5,12.5,2.45,31.1,-149.18559,65.7068
Upland,12_1,1,c,PIGL,0,1,3355,3110,245,0.926974665,0.073025335,980,12440,24500,311000,6.7337098,599446.6717,261.8880005,4.5,12.5,2.45,31.1,-149.18559,65.7068
Upland,12_1,1,c,PIME,245,1,3355,3110,245,0.926974665,0.073025335,980,12440,24500,311000,6.7337098,599446.6717,261.8880005,4.5,12.5,2.45,31.1,-149.18559,65.7068
Upland,12_1,1,d,POBA,0,1,3355,3110,245,0.926974665,0.073025335,980,12440,24500,311000,6.7337098,599446.6717,261.8880005,4.5,12.5,2.45,31.1,-149.18559,65.7068
Upland,12_1,1,d,POTR,0,1,3355,3110,245,0.926974665,0.073025335,980,12440,24500,311000,6.7337098,599446.6717,261.8880005,4.5,12.5,2.45,31.1,-149.18559,65.7068
Upland,12_1,1,d,SALIX,1890,1,3355,3110,245,0.926974665,0.073025335,980,12440,24500,311000,6.7337098,599446.6717,261.8880005,4.5,12.5,2.45,31.1,-149.18559,65.7068
Upland,41_1,1,d,ALCR,0,1,2460,160,2300,0.06504065,0.93495935,9200,640,230000,16000,13.2546997,594485.5498,248.1640015,8.2,22.5,23,1.6,-149.22386,65.70615
Upland,41_1,1,d,ARCTO,0,1,2460,160,2300,0.06504065,0.93495935,9200,640,230000,16000,13.2546997,594485.5498,248.1640015,8.2,22.5,23,1.6,-149.22386,65.70615
Upland,41_1,1,d,BENE,20,1,2460,160,2300,0.06504065,0.93495935,9200,640,230000,16000,13.2546997,594485.5498,248.1640015,8.2,22.5,23,1.6,-149.22386,65.70615
Upland,41_1,1,c,PIGL,0,1,2460,160,2300,0.06504065,0.93495935,9200,640,230000,16000,13.2546997,594485.5498,248.1640015,8.2,22.5,23,1.6,-149.22386,65.70615
Upland,41_1,1,c,PIME,2300,1,2460,160,2300,0.06504065,0.93495935,9200,640,230000,16000,13.2546997,594485.5498,248.1640015,8.2,22.5,23,1.6,-149.22386,65.70615
Upland,41_1,1,d,POBA,0,1,2460,160,2300,0.06504065,0.93495935,9200,640,230000,16000,13.2546997,594485.5498,248.1640015,8.2,22.5,23,1.6,-149.22386,65.70615
Upland,41_1,1,d,POTR,0,1,2460,160,2300,0.06504065,0.93495935,9200,640,230000,16000,13.2546997,594485.5498,248.1640015,8.2,22.5,23,1.6,-149.22386,65.70615
Upland,41_1,1,d,SALIX,140,1,2460,160,2300,0.06504065,0.93495935,9200,640,230000,16000,13.2546997,594485.5498,248.1640015,8.2,22.5,23,1.6,-149.22386,65.70615
Upland,42_1,1,d,ALCR,0,1,870,310,560,0.356321839,0.643678161,2240,1240,56000,31000,7.1159101,606715.4025,327.4930115,11.4,10,5.6,3.1,-149.11751,65.69112
Upland,42_1,1,d,ARCTO,0,1,870,310,560,0.356321839,0.643678161,2240,1240,56000,31000,7.1159101,606715.4025,327.4930115,11.4,10,5.6,3.1,-149.11751,65.69112
Upland,42_1,1,d,BENE,30,1,870,310,560,0.356321839,0.643678161,2240,1240,56000,31000,7.1159101,606715.4025,327.4930115,11.4,10,5.6,3.1,-149.11751,65.69112
Upland,42_1,1,c,PIGL,0,1,870,310,560,0.356321839,0.643678161,2240,1240,56000,31000,7.1159101,606715.4025,327.4930115,11.4,10,5.6,3.1,-149.11751,65.69112
Upland,42_1,1,c,PIME,560,1,870,310,560,0.356321839,0.643678161,2240,1240,56000,31000,7.1159101,606715.4025,327.4930115,11.4,10,5.6,3.1,-149.11751,65.69112
Upland,42_1,1,d,POBA,0,1,870,310,560,0.356321839,0.643678161,2240,1240,56000,31000,7.1159101,606715.4025,327.4930115,11.4,10,5.6,3.1,-149.11751,65.69112
Upland,42_1,1,d,POTR,0,1,870,310,560,0.356321839,0.643678161,2240,1240,56000,31000,7.1159101,606715.4025,327.4930115,11.4,10,5.6,3.1,-149.11751,65.69112
Upland,42_1,1,d,SALIX,280,1,870,310,560,0.356321839,0.643678161,2240,1240,56000,31000,7.1159101,606715.4025,327.4930115,11.4,10,5.6,3.1,-149.11751,65.69112
Upland,48_1,1,d,ALCR,0,1,2520,740,1780,0.293650794,0.706349206,7120,2960,178000,74000,3.33901,600634.2123,257.7170105,2.8,10,17.8,7.4,-149.22821,65.70551
Upland,48_1,1,d,ARCTO,0,1,2520,740,1780,0.293650794,0.706349206,7120,2960,178000,74000,3.33901,600634.2123,257.7170105,2.8,10,17.8,7.4,-149.22821,65.70551
Upland,48_1,1,d,BENE,80,1,2520,740,1780,0.293650794,0.706349206,7120,2960,178000,74000,3.33901,600634.2123,257.7170105,2.8,10,17.8,7.4,-149.22821,65.70551
Upland,48_1,1,c,PIGL,0,1,2520,740,1780,0.293650794,0.706349206,7120,2960,178000,74000,3.33901,600634.2123,257.7170105,2.8,10,17.8,7.4,-149.22821,65.70551
Upland,48_1,1,c,PIME,1780,1,2520,740,1780,0.293650794,0.706349206,7120,2960,178000,74000,3.33901,600634.2123,257.7170105,2.8,10,17.8,7.4,-149.22821,65.70551
Upland,48_1,1,d,POBA,0,1,2520,740,1780,0.293650794,0.706349206,7120,2960,178000,74000,3.33901,600634.2123,257.7170105,2.8,10,17.8,7.4,-149.22821,65.70551
Upland,48_1,1,d,POTR,20,1,2520,740,1780,0.293650794,0.706349206,7120,2960,178000,74000,3.33901,600634.2123,257.7170105,2.8,10,17.8,7.4,-149.22821,65.70551
Upland,48_1,1,d,SALIX,640,1,2520,740,1780,0.293650794,0.706349206,7120,2960,178000,74000,3.33901,600634.2123,257.7170105,2.8,10,17.8,7.4,-149.22821,65.70551
Upland,50_1,1,d,ALCR,80,1,5065,4420,645,0.872655479,0.127344521,2580,17680,64500,442000,5.6178198,599456.8481,257.9140015,4,0,6.45,44.2,-149.18695,65.70692
Upland,50_1,1,d,ARCTO,0,1,5065,4420,645,0.872655479,0.127344521,2580,17680,64500,442000,5.6178198,599456.8481,257.9140015,4,0,6.45,44.2,-149.18695,65.70692
Upland,50_1,1,d,BENE,1550,1,5065,4420,645,0.872655479,0.127344521,2580,17680,64500,442000,5.6178198,599456.8481,257.9140015,4,0,6.45,44.2,-149.18695,65.70692
Upland,50_1,1,c,PIGL,0,1,5065,4420,645,0.872655479,0.127344521,2580,17680,64500,442000,5.6178198,599456.8481,257.9140015,4,0,6.45,44.2,-149.18695,65.70692
Upland,50_1,1,c,PIME,645,1,5065,4420,645,0.872655479,0.127344521,2580,17680,64500,442000,5.6178198,599456.8481,257.9140015,4,0,6.45,44.2,-149.18695,65.70692
Upland,50_1,1,d,POBA,0,1,5065,4420,645,0.872655479,0.127344521,2580,17680,64500,442000,5.6178198,599456.8481,257.9140015,4,0,6.45,44.2,-149.18695,65.70692
Upland,50_1,1,d,POTR,0,1,5065,4420,645,0.872655479,0.127344521,2580,17680,64500,442000,5.6178198,599456.8481,257.9140015,4,0,6.45,44.2,-149.18695,65.70692
Upland,50_1,1,d,SALIX,2790,1,5065,4420,645,0.872655479,0.127344521,2580,17680,64500,442000,5.6178198,599456.8481,257.9140015,4,0,6.45,44.2,-149.18695,65.70692
Upland,52_1,1,d,ALCR,20,1,185,20,165,0.108108108,0.891891892,660,80,16500,2000,5.24822,609798.2024,347.9249878,6.8,5,1.65,0.2,-149.1245,65.69073
Upland,52_1,1,d,ARCTO,0,1,185,20,165,0.108108108,0.891891892,660,80,16500,2000,5.24822,609798.2024,347.9249878,6.8,5,1.65,0.2,-149.1245,65.69073
Upland,52_1,1,d,BENE,0,1,185,20,165,0.108108108,0.891891892,660,80,16500,2000,5.24822,609798.2024,347.9249878,6.8,5,1.65,0.2,-149.1245,65.69073
Upland,52_1,1,c,PIGL,0,1,185,20,165,0.108108108,0.891891892,660,80,16500,2000,5.24822,609798.2024,347.9249878,6.8,5,1.65,0.2,-149.1245,65.69073
Upland,52_1,1,c,PIME,165,1,185,20,165,0.108108108,0.891891892,660,80,16500,2000,5.24822,609798.2024,347.9249878,6.8,5,1.65,0.2,-149.1245,65.69073
Upland,52_1,1,d,POBA,0,1,185,20,165,0.108108108,0.891891892,660,80,16500,2000,5.24822,609798.2024,347.9249878,6.8,5,1.65,0.2,-149.1245,65.69073
Upland,52_1,1,d,POTR,0,1,185,20,165,0.108108108,0.891891892,660,80,16500,2000,5.24822,609798.2024,347.9249878,6.8,5,1.65,0.2,-149.1245,65.69073
Upland,52_1,1,d,SALIX,0,1,185,20,165,0.108108108,0.891891892,660,80,16500,2000,5.24822,609798.2024,347.9249878,6.8,5,1.65,0.2,-149.1245,65.69073
Upland,64_1,1,d,ALCR,120,1,260,250,10,0.961538462,0.038461538,40,1000,1000,25000,7.25036,598158.4809,251.2550049,5.2,0,0.1,2.5,-149.19055,65.70761
Upland,64_1,1,d,ARCTO,0,1,260,250,10,0.961538462,0.038461538,40,1000,1000,25000,7.25036,598158.4809,251.2550049,5.2,0,0.1,2.5,-149.19055,65.70761
Upland,64_1,1,d,BENE,90,1,260,250,10,0.961538462,0.038461538,40,1000,1000,25000,7.25036,598158.4809,251.2550049,5.2,0,0.1,2.5,-149.19055,65.70761
Upland,64_1,1,c,PIGL,0,1,260,250,10,0.961538462,0.038461538,40,1000,1000,25000,7.25036,598158.4809,251.2550049,5.2,0,0.1,2.5,-149.19055,65.70761
Upland,64_1,1,c,PIME,10,1,260,250,10,0.961538462,0.038461538,40,1000,1000,25000,7.25036,598158.4809,251.2550049,5.2,0,0.1,2.5,-149.19055,65.70761
Upland,64_1,1,d,POBA,0,1,260,250,10,0.961538462,0.038461538,40,1000,1000,25000,7.25036,598158.4809,251.2550049,5.2,0,0.1,2.5,-149.19055,65.70761
Upland,64_1,1,d,POTR,0,1,260,250,10,0.961538462,0.038461538,40,1000,1000,25000,7.25036,598158.4809,251.2550049,5.2,0,0.1,2.5,-149.19055,65.70761
Upland,64_1,1,d,SALIX,40,1,260,250,10,0.961538462,0.038461538,40,1000,1000,25000,7.25036,598158.4809,251.2550049,5.2,0,0.1,2.5,-149.19055,65.70761
Upland,65_1,1,d,ALCR,50,1,2230,610,1620,0.273542601,0.726457399,6480,2440,162000,61000,6.3059802,597345.7863,245.8760071,3.3,2.5,16.2,6.1,-149.19125,65.70811
Upland,65_1,1,d,ARCTO,0,1,2230,610,1620,0.273542601,0.726457399,6480,2440,162000,61000,6.3059802,597345.7863,245.8760071,3.3,2.5,16.2,6.1,-149.19125,65.70811
Upland,65_1,1,d,BENE,30,1,2230,610,1620,0.273542601,0.726457399,6480,2440,162000,61000,6.3059802,597345.7863,245.8760071,3.3,2.5,16.2,6.1,-149.19125,65.70811
Upland,65_1,1,c,PIGL,0,1,2230,610,1620,0.273542601,0.726457399,6480,2440,162000,61000,6.3059802,597345.7863,245.8760071,3.3,2.5,16.2,6.1,-149.19125,65.70811
Upland,65_1,1,c,PIME,1620,1,2230,610,1620,0.273542601,0.726457399,6480,2440,162000,61000,6.3059802,597345.7863,245.8760071,3.3,2.5,16.2,6.1,-149.19125,65.70811
Upland,65_1,1,d,POBA,0,1,2230,610,1620,0.273542601,0.726457399,6480,2440,162000,61000,6.3059802,597345.7863,245.8760071,3.3,2.5,16.2,6.1,-149.19125,65.70811
Upland,65_1,1,d,POTR,0,1,2230,610,1620,0.273542601,0.726457399,6480,2440,162000,61000,6.3059802,597345.7863,245.8760071,3.3,2.5,16.2,6.1,-149.19125,65.70811
Upland,65_1,1,d,SALIX,530,1,2230,610,1620,0.273542601,0.726457399,6480,2440,162000,61000,6.3059802,597345.7863,245.8760071,3.3,2.5,16.2,6.1,-149.19125,65.70811
Upland,16_2,2,d,ALCR,45,1,1945,1625,320,0.835475578,0.164524422,1280,6500,32000,162500,4.1869702,606063.6038,322.3699951,3.2,2.5,3.2,16.25,-149.15279,65.70504
Upland,16_2,2,d,ARCTO,0,1,1945,1625,320,0.835475578,0.164524422,1280,6500,32000,162500,4.1869702,606063.6038,322.3699951,3.2,2.5,3.2,16.25,-149.15279,65.70504
Upland,16_2,2,d,BENE,90,1,1945,1625,320,0.835475578,0.164524422,1280,6500,32000,162500,4.1869702,606063.6038,322.3699951,3.2,2.5,3.2,16.25,-149.15279,65.70504
Upland,16_2,2,c,PIGL,0,1,1945,1625,320,0.835475578,0.164524422,1280,6500,32000,162500,4.1869702,606063.6038,322.3699951,3.2,2.5,3.2,16.25,-149.15279,65.70504
Upland,16_2,2,c,PIME,320,1,1945,1625,320,0.835475578,0.164524422,1280,6500,32000,162500,4.1869702,606063.6038,322.3699951,3.2,2.5,3.2,16.25,-149.15279,65.70504
Upland,16_2,2,d,POBA,0,1,1945,1625,320,0.835475578,0.164524422,1280,6500,32000,162500,4.1869702,606063.6038,322.3699951,3.2,2.5,3.2,16.25,-149.15279,65.70504
Upland,16_2,2,d,POTR,30,1,1945,1625,320,0.835475578,0.164524422,1280,6500,32000,162500,4.1869702,606063.6038,322.3699951,3.2,2.5,3.2,16.25,-149.15279,65.70504
Upland,16_2,2,d,SALIX,1460,1,1945,1625,320,0.835475578,0.164524422,1280,6500,32000,162500,4.1869702,606063.6038,322.3699951,3.2,2.5,3.2,16.25,-149.15279,65.70504
Upland,32_2,2,d,ALCR,0,1,20,19,1,0.95,0.05,4,76,100,1900,6.7414899,610389.6289,362.2969971,1.62,1.25,0.01,0.19,-149.1244,65.6884
Upland,32_2,2,d,ARCTO,0,1,20,19,1,0.95,0.05,4,76,100,1900,6.7414899,610389.6289,362.2969971,1.62,1.25,0.01,0.19,-149.1244,65.6884
Upland,32_2,2,d,BENE,0,1,20,19,1,0.95,0.05,4,76,100,1900,6.7414899,610389.6289,362.2969971,1.62,1.25,0.01,0.19,-149.1244,65.6884
Upland,32_2,2,c,PIGL,0,1,20,19,1,0.95,0.05,4,76,100,1900,6.7414899,610389.6289,362.2969971,1.62,1.25,0.01,0.19,-149.1244,65.6884
Upland,32_2,2,c,PIME,1,1,20,19,1,0.95,0.05,4,76,100,1900,6.7414899,610389.6289,362.2969971,1.62,1.25,0.01,0.19,-149.1244,65.6884
Upland,32_2,2,d,POBA,0,1,20,19,1,0.95,0.05,4,76,100,1900,6.7414899,610389.6289,362.2969971,1.62,1.25,0.01,0.19,-149.1244,65.6884
Upland,32_2,2,d,POTR,18,1,20,19,1,0.95,0.05,4,76,100,1900,6.7414899,610389.6289,362.2969971,1.62,1.25,0.01,0.19,-149.1244,65.6884
Upland,32_2,2,d,SALIX,1,1,20,19,1,0.95,0.05,4,76,100,1900,6.7414899,610389.6289,362.2969971,1.62,1.25,0.01,0.19,-149.1244,65.6884
Upland,39_2,2,d,ALCR,0,1,31,3,28,0.096774194,0.903225806,112,12,2800,300,4.0569301,605911.4401,313.4150085,7.3,0,0.28,0.03,-149.11685,65.70004
Upland,39_2,2,d,ARCTO,0,1,31,3,28,0.096774194,0.903225806,112,12,2800,300,4.0569301,605911.4401,313.4150085,7.3,0,0.28,0.03,-149.11685,65.70004
Upland,39_2,2,d,BENE,0,1,31,3,28,0.096774194,0.903225806,112,12,2800,300,4.0569301,605911.4401,313.4150085,7.3,0,0.28,0.03,-149.11685,65.70004
Upland,39_2,2,c,PIGL,18,1,31,3,28,0.096774194,0.903225806,112,12,2800,300,4.0569301,605911.4401,313.4150085,7.3,0,0.28,0.03,-149.11685,65.70004
Upland,39_2,2,c,PIME,10,1,31,3,28,0.096774194,0.903225806,112,12,2800,300,4.0569301,605911.4401,313.4150085,7.3,0,0.28,0.03,-149.11685,65.70004
Upland,39_2,2,d,POBA,0,1,31,3,28,0.096774194,0.903225806,112,12,2800,300,4.0569301,605911.4401,313.4150085,7.3,0,0.28,0.03,-149.11685,65.70004
Upland,39_2,2,d,POTR,0,1,31,3,28,0.096774194,0.903225806,112,12,2800,300,4.0569301,605911.4401,313.4150085,7.3,0,0.28,0.03,-149.11685,65.70004
Upland,39_2,2,d,SALIX,3,1,31,3,28,0.096774194,0.903225806,112,12,2800,300,4.0569301,605911.4401,313.4150085,7.3,0,0.28,0.03,-149.11685,65.70004
Upland,40_2,2,d,ALCR,0,1,84,30,54,0.357142857,0.642857143,216,120,5400,3000,5.6810298,610103.855,351.7460022,2,10,0.54,0.3,-149.12027,65.69016
Upland,40_2,2,d,ARCTO,0,1,84,30,54,0.357142857,0.642857143,216,120,5400,3000,5.6810298,610103.855,351.7460022,2,10,0.54,0.3,-149.12027,65.69016
Upland,40_2,2,d,BENE,8,1,84,30,54,0.357142857,0.642857143,216,120,5400,3000,5.6810298,610103.855,351.7460022,2,10,0.54,0.3,-149.12027,65.69016
Upland,40_2,2,c,PIGL,0,1,84,30,54,0.357142857,0.642857143,216,120,5400,3000,5.6810298,610103.855,351.7460022,2,10,0.54,0.3,-149.12027,65.69016
Upland,40_2,2,c,PIME,54,1,84,30,54,0.357142857,0.642857143,216,120,5400,3000,5.6810298,610103.855,351.7460022,2,10,0.54,0.3,-149.12027,65.69016
Upland,40_2,2,d,POBA,0,1,84,30,54,0.357142857,0.642857143,216,120,5400,3000,5.6810298,610103.855,351.7460022,2,10,0.54,0.3,-149.12027,65.69016
Upland,40_2,2,d,POTR,4,1,84,30,54,0.357142857,0.642857143,216,120,5400,3000,5.6810298,610103.855,351.7460022,2,10,0.54,0.3,-149.12027,65.69016
Upland,40_2,2,d,SALIX,18,1,84,30,54,0.357142857,0.642857143,216,120,5400,3000,5.6810298,610103.855,351.7460022,2,10,0.54,0.3,-149.12027,65.69016
Upland,47_2,2,d,ALCR,290,1,2530,1160,1370,0.458498024,0.541501976,5480,4640,137000,116000,5.2288299,600811.2884,266.3460083,4.8,0,13.7,11.6,-149.15793,65.69946
Upland,47_2,2,d,ARCTO,0,1,2530,1160,1370,0.458498024,0.541501976,5480,4640,137000,116000,5.2288299,600811.2884,266.3460083,4.8,0,13.7,11.6,-149.15793,65.69946
Upland,47_2,2,d,BENE,120,1,2530,1160,1370,0.458498024,0.541501976,5480,4640,137000,116000,5.2288299,600811.2884,266.3460083,4.8,0,13.7,11.6,-149.15793,65.69946
Upland,47_2,2,c,PIGL,0,1,2530,1160,1370,0.458498024,0.541501976,5480,4640,137000,116000,5.2288299,600811.2884,266.3460083,4.8,0,13.7,11.6,-149.15793,65.69946
Upland,47_2,2,c,PIME,1370,1,2530,1160,1370,0.458498024,0.541501976,5480,4640,137000,116000,5.2288299,600811.2884,266.3460083,4.8,0,13.7,11.6,-149.15793,65.69946
Upland,47_2,2,d,POBA,0,1,2530,1160,1370,0.458498024,0.541501976,5480,4640,137000,116000,5.2288299,600811.2884,266.3460083,4.8,0,13.7,11.6,-149.15793,65.69946
Upland,47_2,2,d,POTR,0,1,2530,1160,1370,0.458498024,0.541501976,5480,4640,137000,116000,5.2288299,600811.2884,266.3460083,4.8,0,13.7,11.6,-149.15793,65.69946
Upland,47_2,2,d,SALIX,750,1,2530,1160,1370,0.458498024,0.541501976,5480,4640,137000,116000,5.2288299,600811.2884,266.3460083,4.8,0,13.7,11.6,-149.15793,65.69946
Upland,56_2,2,d,ALCR,5,1,936,802,134,0.856837607,0.143162393,536,3208,13400,80200,4.3580298,602107.422,279.446991,3.3,38.75,1.34,8.02,-149.1514,65.69936
Upland,56_2,2,d,ARCTO,0,1,936,802,134,0.856837607,0.143162393,536,3208,13400,80200,4.3580298,602107.422,279.446991,3.3,38.75,1.34,8.02,-149.1514,65.69936
Upland,56_2,2,d,BENE,77,1,936,802,134,0.856837607,0.143162393,536,3208,13400,80200,4.3580298,602107.422,279.446991,3.3,38.75,1.34,8.02,-149.1514,65.69936
Upland,56_2,2,c,PIGL,5,1,936,802,134,0.856837607,0.143162393,536,3208,13400,80200,4.3580298,602107.422,279.446991,3.3,38.75,1.34,8.02,-149.1514,65.69936
Upland,56_2,2,c,PIME,129,1,936,802,134,0.856837607,0.143162393,536,3208,13400,80200,4.3580298,602107.422,279.446991,3.3,38.75,1.34,8.02,-149.1514,65.69936
Upland,56_2,2,d,POBA,0,1,936,802,134,0.856837607,0.143162393,536,3208,13400,80200,4.3580298,602107.422,279.446991,3.3,38.75,1.34,8.02,-149.1514,65.69936
Upland,56_2,2,d,POTR,0,1,936,802,134,0.856837607,0.143162393,536,3208,13400,80200,4.3580298,602107.422,279.446991,3.3,38.75,1.34,8.02,-149.1514,65.69936
Upland,56_2,2,d,SALIX,720,1,936,802,134,0.856837607,0.143162393,536,3208,13400,80200,4.3580298,602107.422,279.446991,3.3,38.75,1.34,8.02,-149.1514,65.69936
Upland,57_2,2,d,ALCR,0,1,1304,1276,28,0.978527607,0.021472393,112,5104,2800,127600,3.48876,600326.3039,260.6889954,0.9,43.75,0.28,12.76,-149.15442,65.69627
Upland,57_2,2,d,ARCTO,0,1,1304,1276,28,0.978527607,0.021472393,112,5104,2800,127600,3.48876,600326.3039,260.6889954,0.9,43.75,0.28,12.76,-149.15442,65.69627
Upland,57_2,2,d,BENE,436,1,1304,1276,28,0.978527607,0.021472393,112,5104,2800,127600,3.48876,600326.3039,260.6889954,0.9,43.75,0.28,12.76,-149.15442,65.69627
Upland,57_2,2,c,PIGL,0,1,1304,1276,28,0.978527607,0.021472393,112,5104,2800,127600,3.48876,600326.3039,260.6889954,0.9,43.75,0.28,12.76,-149.15442,65.69627
Upland,57_2,2,c,PIME,28,1,1304,1276,28,0.978527607,0.021472393,112,5104,2800,127600,3.48876,600326.3039,260.6889954,0.9,43.75,0.28,12.76,-149.15442,65.69627
Upland,57_2,2,d,POBA,0,1,1304,1276,28,0.978527607,0.021472393,112,5104,2800,127600,3.48876,600326.3039,260.6889954,0.9,43.75,0.28,12.76,-149.15442,65.69627
Upland,57_2,2,d,POTR,0,1,1304,1276,28,0.978527607,0.021472393,112,5104,2800,127600,3.48876,600326.3039,260.6889954,0.9,43.75,0.28,12.76,-149.15442,65.69627
Upland,57_2,2,d,SALIX,840,1,1304,1276,28,0.978527607,0.021472393,112,5104,2800,127600,3.48876,600326.3039,260.6889954,0.9,43.75,0.28,12.76,-149.15442,65.69627
Upland,8_2,2,d,ALCR,43,1,109,61,48,0.559633028,0.440366972,192,244,4800,6100,5.25912,607079.4354,336.2000122,1.4,42.5,0.48,0.61,-149.14612,65.70418
Upland,8_2,2,d,ARCTO,0,1,109,61,48,0.559633028,0.440366972,192,244,4800,6100,5.25912,607079.4354,336.2000122,1.4,42.5,0.48,0.61,-149.14612,65.70418
Upland,8_2,2,d,BENE,4,1,109,61,48,0.559633028,0.440366972,192,244,4800,6100,5.25912,607079.4354,336.2000122,1.4,42.5,0.48,0.61,-149.14612,65.70418
Upland,8_2,2,c,PIGL,0,1,109,61,48,0.559633028,0.440366972,192,244,4800,6100,5.25912,607079.4354,336.2000122,1.4,42.5,0.48,0.61,-149.14612,65.70418
Upland,8_2,2,c,PIME,48,1,109,61,48,0.559633028,0.440366972,192,244,4800,6100,5.25912,607079.4354,336.2000122,1.4,42.5,0.48,0.61,-149.14612,65.70418
Upland,8_2,2,d,POBA,0,1,109,61,48,0.559633028,0.440366972,192,244,4800,6100,5.25912,607079.4354,336.2000122,1.4,42.5,0.48,0.61,-149.14612,65.70418
Upland,8_2,2,d,POTR,0,1,109,61,48,0.559633028,0.440366972,192,244,4800,6100,5.25912,607079.4354,336.2000122,1.4,42.5,0.48,0.61,-149.14612,65.70418
Upland,8_2,2,d,SALIX,14,1,109,61,48,0.559633028,0.440366972,192,244,4800,6100,5.25912,607079.4354,336.2000122,1.4,42.5,0.48,0.61,-149.14612,65.70418
Upland,14_3,3,d,ALCR,7,1,128,128,0,1,0,0,512,0,12800,7.5756898,604788.0359,310.9630127,0.875,0,0,1.28,-149.19668,65.68749
Upland,14_3,3,d,ARCTO,0,1,128,128,0,1,0,0,512,0,12800,7.5756898,604788.0359,310.9630127,0.875,0,0,1.28,-149.19668,65.68749
Upland,14_3,3,d,BENE,86,1,128,128,0,1,0,0,512,0,12800,7.5756898,604788.0359,310.9630127,0.875,0,0,1.28,-149.19668,65.68749
Upland,14_3,3,c,PIGL,0,1,128,128,0,1,0,0,512,0,12800,7.5756898,604788.0359,310.9630127,0.875,0,0,1.28,-149.19668,65.68749
Upland,14_3,3,c,PIME,0,1,128,128,0,1,0,0,512,0,12800,7.5756898,604788.0359,310.9630127,0.875,0,0,1.28,-149.19668,65.68749
Upland,14_3,3,d,POBA,0,1,128,128,0,1,0,0,512,0,12800,7.5756898,604788.0359,310.9630127,0.875,0,0,1.28,-149.19668,65.68749
Upland,14_3,3,d,POTR,0,1,128,128,0,1,0,0,512,0,12800,7.5756898,604788.0359,310.9630127,0.875,0,0,1.28,-149.19668,65.68749
Upland,14_3,3,d,SALIX,35,1,128,128,0,1,0,0,512,0,12800,7.5756898,604788.0359,310.9630127,0.875,0,0,1.28,-149.19668,65.68749
Upland,15_3,3,d,ALCR,0,1,2600,2560,40,0.984615385,0.015384615,160,10240,4000,256000,11.0676003,603810.8466,316.0270081,2.97,10,0.4,25.6,-149.19728,65.6936
Upland,15_3,3,d,ARCTO,0,1,2600,2560,40,0.984615385,0.015384615,160,10240,4000,256000,11.0676003,603810.8466,316.0270081,2.97,10,0.4,25.6,-149.19728,65.6936
Upland,15_3,3,d,BENE,2450,1,2600,2560,40,0.984615385,0.015384615,160,10240,4000,256000,11.0676003,603810.8466,316.0270081,2.97,10,0.4,25.6,-149.19728,65.6936
Upland,15_3,3,c,PIGL,0,1,2600,2560,40,0.984615385,0.015384615,160,10240,4000,256000,11.0676003,603810.8466,316.0270081,2.97,10,0.4,25.6,-149.19728,65.6936
Upland,15_3,3,c,PIME,40,1,2600,2560,40,0.984615385,0.015384615,160,10240,4000,256000,11.0676003,603810.8466,316.0270081,2.97,10,0.4,25.6,-149.19728,65.6936
Upland,15_3,3,d,POBA,0,1,2600,2560,40,0.984615385,0.015384615,160,10240,4000,256000,11.0676003,603810.8466,316.0270081,2.97,10,0.4,25.6,-149.19728,65.6936
Upland,15_3,3,d,POTR,0,1,2600,2560,40,0.984615385,0.015384615,160,10240,4000,256000,11.0676003,603810.8466,316.0270081,2.97,10,0.4,25.6,-149.19728,65.6936
Upland,15_3,3,d,SALIX,110,1,2600,2560,40,0.984615385,0.015384615,160,10240,4000,256000,11.0676003,603810.8466,316.0270081,2.97,10,0.4,25.6,-149.19728,65.6936
Upland,37_3,3,d,ALCR,11,1,72,72,0,1,0,0,288,0,7200,10.3354998,602007.9447,287.2839966,2.5,38.75,0,0.72,-149.19524,65.68577
Upland,37_3,3,d,ARCTO,0,1,72,72,0,1,0,0,288,0,7200,10.3354998,602007.9447,287.2839966,2.5,38.75,0,0.72,-149.19524,65.68577
Upland,37_3,3,d,BENE,29,1,72,72,0,1,0,0,288,0,7200,10.3354998,602007.9447,287.2839966,2.5,38.75,0,0.72,-149.19524,65.68577
Upland,37_3,3,c,PIGL,0,1,72,72,0,1,0,0,288,0,7200,10.3354998,602007.9447,287.2839966,2.5,38.75,0,0.72,-149.19524,65.68577
Upland,37_3,3,c,PIME,0,1,72,72,0,1,0,0,288,0,7200,10.3354998,602007.9447,287.2839966,2.5,38.75,0,0.72,-149.19524,65.68577
Upland,37_3,3,d,POBA,0,1,72,72,0,1,0,0,288,0,7200,10.3354998,602007.9447,287.2839966,2.5,38.75,0,0.72,-149.19524,65.68577
Upland,37_3,3,d,POTR,0,1,72,72,0,1,0,0,288,0,7200,10.3354998,602007.9447,287.2839966,2.5,38.75,0,0.72,-149.19524,65.68577
Upland,37_3,3,d,SALIX,32,1,72,72,0,1,0,0,288,0,7200,10.3354998,602007.9447,287.2839966,2.5,38.75,0,0.72,-149.19524,65.68577
Upland,54_3,3,d,ALCR,0,1,30,29,1,0.966666667,0.033333333,4,116,100,2900,8.7726297,606549.7337,336.9719849,1.25,67.5,0.01,0.29,-149.19493,65.69318
Upland,54_3,3,d,ARCTO,0,1,30,29,1,0.966666667,0.033333333,4,116,100,2900,8.7726297,606549.7337,336.9719849,1.25,67.5,0.01,0.29,-149.19493,65.69318
Upland,54_3,3,d,BENE,3,1,30,29,1,0.966666667,0.033333333,4,116,100,2900,8.7726297,606549.7337,336.9719849,1.25,67.5,0.01,0.29,-149.19493,65.69318
Upland,54_3,3,c,PIGL,0,1,30,29,1,0.966666667,0.033333333,4,116,100,2900,8.7726297,606549.7337,336.9719849,1.25,67.5,0.01,0.29,-149.19493,65.69318
Upland,54_3,3,c,PIME,1,1,30,29,1,0.966666667,0.033333333,4,116,100,2900,8.7726297,606549.7337,336.9719849,1.25,67.5,0.01,0.29,-149.19493,65.69318
Upland,54_3,3,d,POBA,0,1,30,29,1,0.966666667,0.033333333,4,116,100,2900,8.7726297,606549.7337,336.9719849,1.25,67.5,0.01,0.29,-149.19493,65.69318
Upland,54_3,3,d,POTR,0,1,30,29,1,0.966666667,0.033333333,4,116,100,2900,8.7726297,606549.7337,336.9719849,1.25,67.5,0.01,0.29,-149.19493,65.69318
Upland,54_3,3,d,SALIX,26,1,30,29,1,0.966666667,0.033333333,4,116,100,2900,8.7726297,606549.7337,336.9719849,1.25,67.5,0.01,0.29,-149.19493,65.69318
Upland,55_3,3,d,ALCR,0,1,191,190,1,0.994764398,0.005235602,4,760,100,19000,10.9991999,605419.8585,333.5549927,1.62,50,0.01,1.9,-149.19681,65.69235
Upland,55_3,3,d,ARCTO,0,1,191,190,1,0.994764398,0.005235602,4,760,100,19000,10.9991999,605419.8585,333.5549927,1.62,50,0.01,1.9,-149.19681,65.69235
Upland,55_3,3,d,BENE,161,1,191,190,1,0.994764398,0.005235602,4,760,100,19000,10.9991999,605419.8585,333.5549927,1.62,50,0.01,1.9,-149.19681,65.69235
Upland,55_3,3,c,PIGL,0,1,191,190,1,0.994764398,0.005235602,4,760,100,19000,10.9991999,605419.8585,333.5549927,1.62,50,0.01,1.9,-149.19681,65.69235
Upland,55_3,3,c,PIME,1,1,191,190,1,0.994764398,0.005235602,4,760,100,19000,10.9991999,605419.8585,333.5549927,1.62,50,0.01,1.9,-149.19681,65.69235
Upland,55_3,3,d,POBA,0,1,191,190,1,0.994764398,0.005235602,4,760,100,19000,10.9991999,605419.8585,333.5549927,1.62,50,0.01,1.9,-149.19681,65.69235
Upland,55_3,3,d,POTR,2,1,191,190,1,0.994764398,0.005235602,4,760,100,19000,10.9991999,605419.8585,333.5549927,1.62,50,0.01,1.9,-149.19681,65.69235
Upland,55_3,3,d,SALIX,27,1,191,190,1,0.994764398,0.005235602,4,760,100,19000,10.9991999,605419.8585,333.5549927,1.62,50,0.01,1.9,-149.19681,65.69235
Upland,7_3,3,d,ALCR,50,1,600,550,50,0.916666667,0.083333333,200,2200,5000,55000,9.26019,602306.2811,292.8930054,1.7,32.5,0.5,5.5,-149.19289,65.68674
Upland,7_3,3,d,ARCTO,0,1,600,550,50,0.916666667,0.083333333,200,2200,5000,55000,9.26019,602306.2811,292.8930054,1.7,32.5,0.5,5.5,-149.19289,65.68674
Upland,7_3,3,d,BENE,310,1,600,550,50,0.916666667,0.083333333,200,2200,5000,55000,9.26019,602306.2811,292.8930054,1.7,32.5,0.5,5.5,-149.19289,65.68674
Upland,7_3,3,c,PIGL,0,1,600,550,50,0.916666667,0.083333333,200,2200,5000,55000,9.26019,602306.2811,292.8930054,1.7,32.5,0.5,5.5,-149.19289,65.68674
Upland,7_3,3,c,PIME,50,1,600,550,50,0.916666667,0.083333333,200,2200,5000,55000,9.26019,602306.2811,292.8930054,1.7,32.5,0.5,5.5,-149.19289,65.68674
Upland,7_3,3,d,POBA,0,1,600,550,50,0.916666667,0.083333333,200,2200,5000,55000,9.26019,602306.2811,292.8930054,1.7,32.5,0.5,5.5,-149.19289,65.68674
Upland,7_3,3,d,POTR,0,1,600,550,50,0.916666667,0.083333333,200,2200,5000,55000,9.26019,602306.2811,292.8930054,1.7,32.5,0.5,5.5,-149.19289,65.68674
Upland,7_3,3,d,SALIX,190,1,600,550,50,0.916666667,0.083333333,200,2200,5000,55000,9.26019,602306.2811,292.8930054,1.7,32.5,0.5,5.5,-149.19289,65.68674
Lowland,1_0,0,d,ALCR,0,1,132,0,132,0,1,528,0,13200,0,2.58249,618011.3063,442.0629883,20.5,0,1.32,0,-145.02356,65.5631
Lowland,1_0,0,d,ARCTO,0,1,132,0,132,0,1,528,0,13200,0,2.58249,618011.3063,442.0629883,20.5,0,1.32,0,-145.02356,65.5631
Lowland,1_0,0,d,BENE,0,1,132,0,132,0,1,528,0,13200,0,2.58249,618011.3063,442.0629883,20.5,0,1.32,0,-145.02356,65.5631
Lowland,1_0,0,c,PIGL,0,1,132,0,132,0,1,528,0,13200,0,2.58249,618011.3063,442.0629883,20.5,0,1.32,0,-145.02356,65.5631
Lowland,1_0,0,c,PIME,132,1,132,0,132,0,1,528,0,13200,0,2.58249,618011.3063,442.0629883,20.5,0,1.32,0,-145.02356,65.5631
Lowland,1_0,0,d,POBA,0,1,132,0,132,0,1,528,0,13200,0,2.58249,618011.3063,442.0629883,20.5,0,1.32,0,-145.02356,65.5631
Lowland,1_0,0,d,POTR,0,1,132,0,132,0,1,528,0,13200,0,2.58249,618011.3063,442.0629883,20.5,0,1.32,0,-145.02356,65.5631
Lowland,1_0,0,d,SALIX,0,1,132,0,132,0,1,528,0,13200,0,2.58249,618011.3063,442.0629883,20.5,0,1.32,0,-145.02356,65.5631
Lowland,31_0,0,d,ALCR,0,1,143,11,132,0.076923077,0.923076923,528,44,13200,1100,1.41787,613316.3514,393.6340027,18.6,0,1.32,0.11,-144.96962,65.5649
Lowland,31_0,0,d,ARCTO,0,1,143,11,132,0.076923077,0.923076923,528,44,13200,1100,1.41787,613316.3514,393.6340027,18.6,0,1.32,0.11,-144.96962,65.5649
Lowland,31_0,0,d,BENE,0,1,143,11,132,0.076923077,0.923076923,528,44,13200,1100,1.41787,613316.3514,393.6340027,18.6,0,1.32,0.11,-144.96962,65.5649
Lowland,31_0,0,c,PIGL,0,1,143,11,132,0.076923077,0.923076923,528,44,13200,1100,1.41787,613316.3514,393.6340027,18.6,0,1.32,0.11,-144.96962,65.5649
Lowland,31_0,0,c,PIME,132,1,143,11,132,0.076923077,0.923076923,528,44,13200,1100,1.41787,613316.3514,393.6340027,18.6,0,1.32,0.11,-144.96962,65.5649
Lowland,31_0,0,d,POBA,0,1,143,11,132,0.076923077,0.923076923,528,44,13200,1100,1.41787,613316.3514,393.6340027,18.6,0,1.32,0.11,-144.96962,65.5649
Lowland,31_0,0,d,POTR,0,1,143,11,132,0.076923077,0.923076923,528,44,13200,1100,1.41787,613316.3514,393.6340027,18.6,0,1.32,0.11,-144.96962,65.5649
Lowland,31_0,0,d,SALIX,11,1,143,11,132,0.076923077,0.923076923,528,44,13200,1100,1.41787,613316.3514,393.6340027,18.6,0,1.32,0.11,-144.96962,65.5649
Lowland,6_0,0,d,ALCR,0,1,253,0,253,0,1,1012,0,25300,0,2.1138599,610943.4977,367.2260132,19.8,0,2.53,0,-144.92766,65.56738
Lowland,6_0,0,d,ARCTO,0,1,253,0,253,0,1,1012,0,25300,0,2.1138599,610943.4977,367.2260132,19.8,0,2.53,0,-144.92766,65.56738
Lowland,6_0,0,d,BENE,0,1,253,0,253,0,1,1012,0,25300,0,2.1138599,610943.4977,367.2260132,19.8,0,2.53,0,-144.92766,65.56738
Lowland,6_0,0,c,PIGL,0,1,253,0,253,0,1,1012,0,25300,0,2.1138599,610943.4977,367.2260132,19.8,0,2.53,0,-144.92766,65.56738
Lowland,6_0,0,c,PIME,253,1,253,0,253,0,1,1012,0,25300,0,2.1138599,610943.4977,367.2260132,19.8,0,2.53,0,-144.92766,65.56738
Lowland,6_0,0,d,POBA,0,1,253,0,253,0,1,1012,0,25300,0,2.1138599,610943.4977,367.2260132,19.8,0,2.53,0,-144.92766,65.56738
Lowland,6_0,0,d,POTR,0,1,253,0,253,0,1,1012,0,25300,0,2.1138599,610943.4977,367.2260132,19.8,0,2.53,0,-144.92766,65.56738
Lowland,6_0,0,d,SALIX,0,1,253,0,253,0,1,1012,0,25300,0,2.1138599,610943.4977,367.2260132,19.8,0,2.53,0,-144.92766,65.56738
Lowland,9_0,0,d,ALCR,0,1,132,0,132,0,1,528,0,13200,0,1.91345,611139.9469,369.2820129,21.9,0,1.32,0,-144.9287,65.56702
Lowland,9_0,0,d,ARCTO,0,1,132,0,132,0,1,528,0,13200,0,1.91345,611139.9469,369.2820129,21.9,0,1.32,0,-144.9287,65.56702
Lowland,9_0,0,d,BENE,0,1,132,0,132,0,1,528,0,13200,0,1.91345,611139.9469,369.2820129,21.9,0,1.32,0,-144.9287,65.56702
Lowland,9_0,0,c,PIGL,0,1,132,0,132,0,1,528,0,13200,0,1.91345,611139.9469,369.2820129,21.9,0,1.32,0,-144.9287,65.56702
Lowland,9_0,0,c,PIME,132,1,132,0,132,0,1,528,0,13200,0,1.91345,611139.9469,369.2820129,21.9,0,1.32,0,-144.9287,65.56702
Lowland,9_0,0,d,POBA,0,1,132,0,132,0,1,528,0,13200,0,1.91345,611139.9469,369.2820129,21.9,0,1.32,0,-144.9287,65.56702
Lowland,9_0,0,d,POTR,0,1,132,0,132,0,1,528,0,13200,0,1.91345,611139.9469,369.2820129,21.9,0,1.32,0,-144.9287,65.56702
Lowland,9_0,0,d,SALIX,0,1,132,0,132,0,1,528,0,13200,0,1.91345,611139.9469,369.2820129,21.9,0,1.32,0,-144.9287,65.56702
Lowland,18_1,1,d,ALCR,0,1,1660,740,920,0.445783133,0.554216867,3680,2960,92000,74000,1.22018,615661.5585,415.95401,7.75,0,9.2,7.4,-145.00757,65.58321
Lowland,18_1,1,d,ARCTO,0,1,1660,740,920,0.445783133,0.554216867,3680,2960,92000,74000,1.22018,615661.5585,415.95401,7.75,0,9.2,7.4,-145.00757,65.58321
Lowland,18_1,1,d,BENE,60,1,1660,740,920,0.445783133,0.554216867,3680,2960,92000,74000,1.22018,615661.5585,415.95401,7.75,0,9.2,7.4,-145.00757,65.58321
Lowland,18_1,1,c,PIGL,0,1,1660,740,920,0.445783133,0.554216867,3680,2960,92000,74000,1.22018,615661.5585,415.95401,7.75,0,9.2,7.4,-145.00757,65.58321
Lowland,18_1,1,c,PIME,920,1,1660,740,920,0.445783133,0.554216867,3680,2960,92000,74000,1.22018,615661.5585,415.95401,7.75,0,9.2,7.4,-145.00757,65.58321
Lowland,18_1,1,d,POBA,0,1,1660,740,920,0.445783133,0.554216867,3680,2960,92000,74000,1.22018,615661.5585,415.95401,7.75,0,9.2,7.4,-145.00757,65.58321
Lowland,18_1,1,d,POTR,180,1,1660,740,920,0.445783133,0.554216867,3680,2960,92000,74000,1.22018,615661.5585,415.95401,7.75,0,9.2,7.4,-145.00757,65.58321
Lowland,18_1,1,d,SALIX,500,1,1660,740,920,0.445783133,0.554216867,3680,2960,92000,74000,1.22018,615661.5585,415.95401,7.75,0,9.2,7.4,-145.00757,65.58321
Lowland,20_1,1,d,ALCR,0,1,610,40,570,0.06557377,0.93442623,2280,160,57000,4000,1.26079,611370.3313,371.9349976,13,0,5.7,0.4,-144.92697,65.5648
Lowland,20_1,1,d,ARCTO,0,1,610,40,570,0.06557377,0.93442623,2280,160,57000,4000,1.26079,611370.3313,371.9349976,13,0,5.7,0.4,-144.92697,65.5648
Lowland,20_1,1,d,BENE,0,1,610,40,570,0.06557377,0.93442623,2280,160,57000,4000,1.26079,611370.3313,371.9349976,13,0,5.7,0.4,-144.92697,65.5648
Lowland,20_1,1,c,PIGL,0,1,610,40,570,0.06557377,0.93442623,2280,160,57000,4000,1.26079,611370.3313,371.9349976,13,0,5.7,0.4,-144.92697,65.5648
Lowland,20_1,1,c,PIME,570,1,610,40,570,0.06557377,0.93442623,2280,160,57000,4000,1.26079,611370.3313,371.9349976,13,0,5.7,0.4,-144.92697,65.5648
Lowland,20_1,1,d,POBA,0,1,610,40,570,0.06557377,0.93442623,2280,160,57000,4000,1.26079,611370.3313,371.9349976,13,0,5.7,0.4,-144.92697,65.5648
Lowland,20_1,1,d,POTR,0,1,610,40,570,0.06557377,0.93442623,2280,160,57000,4000,1.26079,611370.3313,371.9349976,13,0,5.7,0.4,-144.92697,65.5648
Lowland,20_1,1,d,SALIX,40,1,610,40,570,0.06557377,0.93442623,2280,160,57000,4000,1.26079,611370.3313,371.9349976,13,0,5.7,0.4,-144.92697,65.5648
Lowland,28_1,1,d,ALCR,0,1,1730,790,940,0.456647399,0.543352601,3760,3160,94000,79000,1.64726,614486.8667,404.0740051,11,0,9.4,7.9,-144.97688,65.58453
Lowland,28_1,1,d,ARCTO,0,1,1730,790,940,0.456647399,0.543352601,3760,3160,94000,79000,1.64726,614486.8667,404.0740051,11,0,9.4,7.9,-144.97688,65.58453
Lowland,28_1,1,d,BENE,220,1,1730,790,940,0.456647399,0.543352601,3760,3160,94000,79000,1.64726,614486.8667,404.0740051,11,0,9.4,7.9,-144.97688,65.58453
Lowland,28_1,1,c,PIGL,0,1,1730,790,940,0.456647399,0.543352601,3760,3160,94000,79000,1.64726,614486.8667,404.0740051,11,0,9.4,7.9,-144.97688,65.58453
Lowland,28_1,1,c,PIME,940,1,1730,790,940,0.456647399,0.543352601,3760,3160,94000,79000,1.64726,614486.8667,404.0740051,11,0,9.4,7.9,-144.97688,65.58453
Lowland,28_1,1,d,POBA,0,1,1730,790,940,0.456647399,0.543352601,3760,3160,94000,79000,1.64726,614486.8667,404.0740051,11,0,9.4,7.9,-144.97688,65.58453
Lowland,28_1,1,d,POTR,90,1,1730,790,940,0.456647399,0.543352601,3760,3160,94000,79000,1.64726,614486.8667,404.0740051,11,0,9.4,7.9,-144.97688,65.58453
Lowland,28_1,1,d,SALIX,480,1,1730,790,940,0.456647399,0.543352601,3760,3160,94000,79000,1.64726,614486.8667,404.0740051,11,0,9.4,7.9,-144.97688,65.58453
Lowland,29_1,1,d,ALCR,0,1,2050,900,1150,0.43902439,0.56097561,4600,3600,115000,90000,1.31306,615269.6914,411.6220093,11,0,11.5,9,-145.0013,65.58229
Lowland,29_1,1,d,ARCTO,0,1,2050,900,1150,0.43902439,0.56097561,4600,3600,115000,90000,1.31306,615269.6914,411.6220093,11,0,11.5,9,-145.0013,65.58229
Lowland,29_1,1,d,BENE,110,1,2050,900,1150,0.43902439,0.56097561,4600,3600,115000,90000,1.31306,615269.6914,411.6220093,11,0,11.5,9,-145.0013,65.58229
Lowland,29_1,1,c,PIGL,0,1,2050,900,1150,0.43902439,0.56097561,4600,3600,115000,90000,1.31306,615269.6914,411.6220093,11,0,11.5,9,-145.0013,65.58229
Lowland,29_1,1,c,PIME,1150,1,2050,900,1150,0.43902439,0.56097561,4600,3600,115000,90000,1.31306,615269.6914,411.6220093,11,0,11.5,9,-145.0013,65.58229
Lowland,29_1,1,d,POBA,0,1,2050,900,1150,0.43902439,0.56097561,4600,3600,115000,90000,1.31306,615269.6914,411.6220093,11,0,11.5,9,-145.0013,65.58229
Lowland,29_1,1,d,POTR,20,1,2050,900,1150,0.43902439,0.56097561,4600,3600,115000,90000,1.31306,615269.6914,411.6220093,11,0,11.5,9,-145.0013,65.58229
Lowland,29_1,1,d,SALIX,770,1,2050,900,1150,0.43902439,0.56097561,4600,3600,115000,90000,1.31306,615269.6914,411.6220093,11,0,11.5,9,-145.0013,65.58229
Lowland,33_1,1,d,ALCR,0,1,2340,480,1860,0.205128205,0.794871795,7440,1920,186000,48000,2.1331899,615002.8692,408.3590088,8.5,0,18.6,4.8,-144.99422,65.58279
Lowland,33_1,1,d,ARCTO,0,1,2340,480,1860,0.205128205,0.794871795,7440,1920,186000,48000,2.1331899,615002.8692,408.3590088,8.5,0,18.6,4.8,-144.99422,65.58279
Lowland,33_1,1,d,BENE,60,1,2340,480,1860,0.205128205,0.794871795,7440,1920,186000,48000,2.1331899,615002.8692,408.3590088,8.5,0,18.6,4.8,-144.99422,65.58279
Lowland,33_1,1,c,PIGL,0,1,2340,480,1860,0.205128205,0.794871795,7440,1920,186000,48000,2.1331899,615002.8692,408.3590088,8.5,0,18.6,4.8,-144.99422,65.58279
Lowland,33_1,1,c,PIME,1860,1,2340,480,1860,0.205128205,0.794871795,7440,1920,186000,48000,2.1331899,615002.8692,408.3590088,8.5,0,18.6,4.8,-144.99422,65.58279
Lowland,33_1,1,d,POBA,0,1,2340,480,1860,0.205128205,0.794871795,7440,1920,186000,48000,2.1331899,615002.8692,408.3590088,8.5,0,18.6,4.8,-144.99422,65.58279
Lowland,33_1,1,d,POTR,0,1,2340,480,1860,0.205128205,0.794871795,7440,1920,186000,48000,2.1331899,615002.8692,408.3590088,8.5,0,18.6,4.8,-144.99422,65.58279
Lowland,33_1,1,d,SALIX,420,1,2340,480,1860,0.205128205,0.794871795,7440,1920,186000,48000,2.1331899,615002.8692,408.3590088,8.5,0,18.6,4.8,-144.99422,65.58279
Lowland,36_1,1,d,ALCR,0,1,730,280,450,0.383561644,0.616438356,1800,1120,45000,28000,2.49541,610879.8979,367.7340088,12.6,0,4.5,2.8,-144.92126,65.56454
Lowland,36_1,1,d,ARCTO,0,1,730,280,450,0.383561644,0.616438356,1800,1120,45000,28000,2.49541,610879.8979,367.7340088,12.6,0,4.5,2.8,-144.92126,65.56454
Lowland,36_1,1,d,BENE,0,1,730,280,450,0.383561644,0.616438356,1800,1120,45000,28000,2.49541,610879.8979,367.7340088,12.6,0,4.5,2.8,-144.92126,65.56454
Lowland,36_1,1,c,PIGL,0,1,730,280,450,0.383561644,0.616438356,1800,1120,45000,28000,2.49541,610879.8979,367.7340088,12.6,0,4.5,2.8,-144.92126,65.56454
Lowland,36_1,1,c,PIME,450,1,730,280,450,0.383561644,0.616438356,1800,1120,45000,28000,2.49541,610879.8979,367.7340088,12.6,0,4.5,2.8,-144.92126,65.56454
Lowland,36_1,1,d,POBA,0,1,730,280,450,0.383561644,0.616438356,1800,1120,45000,28000,2.49541,610879.8979,367.7340088,12.6,0,4.5,2.8,-144.92126,65.56454
Lowland,36_1,1,d,POTR,0,1,730,280,450,0.383561644,0.616438356,1800,1120,45000,28000,2.49541,610879.8979,367.7340088,12.6,0,4.5,2.8,-144.92126,65.56454
Lowland,36_1,1,d,SALIX,280,1,730,280,450,0.383561644,0.616438356,1800,1120,45000,28000,2.49541,610879.8979,367.7340088,12.6,0,4.5,2.8,-144.92126,65.56454
Lowland,5_1,1,d,ALCR,60,1,2230,1420,810,0.6367713,0.3632287,3240,5680,81000,142000,1.47034,615125.2874,409.2749939,11.4,0,8.1,14.2,-144.98392,65.5869
Lowland,5_1,1,d,ARCTO,0,1,2230,1420,810,0.6367713,0.3632287,3240,5680,81000,142000,1.47034,615125.2874,409.2749939,11.4,0,8.1,14.2,-144.98392,65.5869
Lowland,5_1,1,d,BENE,70,1,2230,1420,810,0.6367713,0.3632287,3240,5680,81000,142000,1.47034,615125.2874,409.2749939,11.4,0,8.1,14.2,-144.98392,65.5869
Lowland,5_1,1,c,PIGL,0,1,2230,1420,810,0.6367713,0.3632287,3240,5680,81000,142000,1.47034,615125.2874,409.2749939,11.4,0,8.1,14.2,-144.98392,65.5869
Lowland,5_1,1,c,PIME,810,1,2230,1420,810,0.6367713,0.3632287,3240,5680,81000,142000,1.47034,615125.2874,409.2749939,11.4,0,8.1,14.2,-144.98392,65.5869
Lowland,5_1,1,d,POBA,0,1,2230,1420,810,0.6367713,0.3632287,3240,5680,81000,142000,1.47034,615125.2874,409.2749939,11.4,0,8.1,14.2,-144.98392,65.5869
Lowland,5_1,1,d,POTR,40,1,2230,1420,810,0.6367713,0.3632287,3240,5680,81000,142000,1.47034,615125.2874,409.2749939,11.4,0,8.1,14.2,-144.98392,65.5869
Lowland,5_1,1,d,SALIX,1250,1,2230,1420,810,0.6367713,0.3632287,3240,5680,81000,142000,1.47034,615125.2874,409.2749939,11.4,0,8.1,14.2,-144.98392,65.5869
Lowland,19_2,2,d,ALCR,0,1,2020,1080,940,0.534653465,0.465346535,3760,4320,94000,108000,0.339272,614924.3855,406.8299866,9.6,0.3,9.4,10.8,-144.97484,65.58894
Lowland,19_2,2,d,ARCTO,0,1,2020,1080,940,0.534653465,0.465346535,3760,4320,94000,108000,0.339272,614924.3855,406.8299866,9.6,0.3,9.4,10.8,-144.97484,65.58894
Lowland,19_2,2,d,BENE,80,1,2020,1080,940,0.534653465,0.465346535,3760,4320,94000,108000,0.339272,614924.3855,406.8299866,9.6,0.3,9.4,10.8,-144.97484,65.58894
Lowland,19_2,2,c,PIGL,0,1,2020,1080,940,0.534653465,0.465346535,3760,4320,94000,108000,0.339272,614924.3855,406.8299866,9.6,0.3,9.4,10.8,-144.97484,65.58894
Lowland,19_2,2,c,PIME,940,1,2020,1080,940,0.534653465,0.465346535,3760,4320,94000,108000,0.339272,614924.3855,406.8299866,9.6,0.3,9.4,10.8,-144.97484,65.58894
Lowland,19_2,2,d,POBA,0,1,2020,1080,940,0.534653465,0.465346535,3760,4320,94000,108000,0.339272,614924.3855,406.8299866,9.6,0.3,9.4,10.8,-144.97484,65.58894
Lowland,19_2,2,d,POTR,70,1,2020,1080,940,0.534653465,0.465346535,3760,4320,94000,108000,0.339272,614924.3855,406.8299866,9.6,0.3,9.4,10.8,-144.97484,65.58894
Lowland,19_2,2,d,SALIX,930,1,2020,1080,940,0.534653465,0.465346535,3760,4320,94000,108000,0.339272,614924.3855,406.8299866,9.6,0.3,9.4,10.8,-144.97484,65.58894
Lowland,26_2,2,d,ALCR,50,1,4130,2890,1240,0.699757869,0.300242131,4960,11560,124000,289000,0.660417,614069.5701,397.9169922,13,0,12.4,28.9,-144.95374,65.58922
Lowland,26_2,2,d,ARCTO,70,1,4130,2890,1240,0.699757869,0.300242131,4960,11560,124000,289000,0.660417,614069.5701,397.9169922,13,0,12.4,28.9,-144.95374,65.58922
Lowland,26_2,2,d,BENE,80,1,4130,2890,1240,0.699757869,0.300242131,4960,11560,124000,289000,0.660417,614069.5701,397.9169922,13,0,12.4,28.9,-144.95374,65.58922
Lowland,26_2,2,c,PIGL,0,1,4130,2890,1240,0.699757869,0.300242131,4960,11560,124000,289000,0.660417,614069.5701,397.9169922,13,0,12.4,28.9,-144.95374,65.58922
Lowland,26_2,2,c,PIME,1240,1,4130,2890,1240,0.699757869,0.300242131,4960,11560,124000,289000,0.660417,614069.5701,397.9169922,13,0,12.4,28.9,-144.95374,65.58922
Lowland,26_2,2,d,POBA,0,1,4130,2890,1240,0.699757869,0.300242131,4960,11560,124000,289000,0.660417,614069.5701,397.9169922,13,0,12.4,28.9,-144.95374,65.58922
Lowland,26_2,2,d,POTR,290,1,4130,2890,1240,0.699757869,0.300242131,4960,11560,124000,289000,0.660417,614069.5701,397.9169922,13,0,12.4,28.9,-144.95374,65.58922
Lowland,26_2,2,d,SALIX,2400,1,4130,2890,1240,0.699757869,0.300242131,4960,11560,124000,289000,0.660417,614069.5701,397.9169922,13,0,12.4,28.9,-144.95374,65.58922
Lowland,27_2,2,d,ALCR,0,1,1770,1410,360,0.796610169,0.203389831,1440,5640,36000,141000,1.46521,614624.8976,404.8529968,9.6,0.5,3.6,14.1,-144.97264,65.58768
Lowland,27_2,2,d,ARCTO,0,1,1770,1410,360,0.796610169,0.203389831,1440,5640,36000,141000,1.46521,614624.8976,404.8529968,9.6,0.5,3.6,14.1,-144.97264,65.58768
Lowland,27_2,2,d,BENE,80,1,1770,1410,360,0.796610169,0.203389831,1440,5640,36000,141000,1.46521,614624.8976,404.8529968,9.6,0.5,3.6,14.1,-144.97264,65.58768
Lowland,27_2,2,c,PIGL,0,1,1770,1410,360,0.796610169,0.203389831,1440,5640,36000,141000,1.46521,614624.8976,404.8529968,9.6,0.5,3.6,14.1,-144.97264,65.58768
Lowland,27_2,2,c,PIME,360,1,1770,1410,360,0.796610169,0.203389831,1440,5640,36000,141000,1.46521,614624.8976,404.8529968,9.6,0.5,3.6,14.1,-144.97264,65.58768
Lowland,27_2,2,d,POBA,0,1,1770,1410,360,0.796610169,0.203389831,1440,5640,36000,141000,1.46521,614624.8976,404.8529968,9.6,0.5,3.6,14.1,-144.97264,65.58768
Lowland,27_2,2,d,POTR,50,1,1770,1410,360,0.796610169,0.203389831,1440,5640,36000,141000,1.46521,614624.8976,404.8529968,9.6,0.5,3.6,14.1,-144.97264,65.58768
Lowland,27_2,2,d,SALIX,1280,1,1770,1410,360,0.796610169,0.203389831,1440,5640,36000,141000,1.46521,614624.8976,404.8529968,9.6,0.5,3.6,14.1,-144.97264,65.58768
Lowland,3_2,2,d,ALCR,0,1,2920,1740,1180,0.595890411,0.404109589,4720,6960,118000,174000,0.517824,614740.9913,404.8940125,11,0.5,11.8,17.4,-144.9704,65.58942
Lowland,3_2,2,d,ARCTO,100,1,2920,1740,1180,0.595890411,0.404109589,4720,6960,118000,174000,0.517824,614740.9913,404.8940125,11,0.5,11.8,17.4,-144.9704,65.58942
Lowland,3_2,2,d,BENE,150,1,2920,1740,1180,0.595890411,0.404109589,4720,6960,118000,174000,0.517824,614740.9913,404.8940125,11,0.5,11.8,17.4,-144.9704,65.58942
Lowland,3_2,2,c,PIGL,0,1,2920,1740,1180,0.595890411,0.404109589,4720,6960,118000,174000,0.517824,614740.9913,404.8940125,11,0.5,11.8,17.4,-144.9704,65.58942
Lowland,3_2,2,c,PIME,1180,1,2920,1740,1180,0.595890411,0.404109589,4720,6960,118000,174000,0.517824,614740.9913,404.8940125,11,0.5,11.8,17.4,-144.9704,65.58942
Lowland,3_2,2,d,POBA,0,1,2920,1740,1180,0.595890411,0.404109589,4720,6960,118000,174000,0.517824,614740.9913,404.8940125,11,0.5,11.8,17.4,-144.9704,65.58942
Lowland,3_2,2,d,POTR,140,1,2920,1740,1180,0.595890411,0.404109589,4720,6960,118000,174000,0.517824,614740.9913,404.8940125,11,0.5,11.8,17.4,-144.9704,65.58942
Lowland,3_2,2,d,SALIX,1350,1,2920,1740,1180,0.595890411,0.404109589,4720,6960,118000,174000,0.517824,614740.9913,404.8940125,11,0.5,11.8,17.4,-144.9704,65.58942
Lowland,34_2,2,d,ALCR,20,1,4510,2430,2080,0.538802661,0.461197339,8320,9720,208000,243000,0.618209,617110.4042,427.9970093,2.6,0,20.8,24.3,-145.03844,65.58088
Lowland,34_2,2,d,ARCTO,0,1,4510,2430,2080,0.538802661,0.461197339,8320,9720,208000,243000,0.618209,617110.4042,427.9970093,2.6,0,20.8,24.3,-145.03844,65.58088
Lowland,34_2,2,d,BENE,90,1,4510,2430,2080,0.538802661,0.461197339,8320,9720,208000,243000,0.618209,617110.4042,427.9970093,2.6,0,20.8,24.3,-145.03844,65.58088
Lowland,34_2,2,c,PIGL,0,1,4510,2430,2080,0.538802661,0.461197339,8320,9720,208000,243000,0.618209,617110.4042,427.9970093,2.6,0,20.8,24.3,-145.03844,65.58088
Lowland,34_2,2,c,PIME,2080,1,4510,2430,2080,0.538802661,0.461197339,8320,9720,208000,243000,0.618209,617110.4042,427.9970093,2.6,0,20.8,24.3,-145.03844,65.58088
Lowland,34_2,2,d,POBA,0,1,4510,2430,2080,0.538802661,0.461197339,8320,9720,208000,243000,0.618209,617110.4042,427.9970093,2.6,0,20.8,24.3,-145.03844,65.58088
Lowland,34_2,2,d,POTR,460,1,4510,2430,2080,0.538802661,0.461197339,8320,9720,208000,243000,0.618209,617110.4042,427.9970093,2.6,0,20.8,24.3,-145.03844,65.58088
Lowland,34_2,2,d,SALIX,1860,1,4510,2430,2080,0.538802661,0.461197339,8320,9720,208000,243000,0.618209,617110.4042,427.9970093,2.6,0,20.8,24.3,-145.03844,65.58088
Lowland,4_2,2,d,ALCR,0,1,2170,1750,420,0.806451613,0.193548387,1680,7000,42000,175000,0.853737,614556.4887,403.696991,13,1.6,4.2,17.5,-144.97032,65.58785
Lowland,4_2,2,d,ARCTO,0,1,2170,1750,420,0.806451613,0.193548387,1680,7000,42000,175000,0.853737,614556.4887,403.696991,13,1.6,4.2,17.5,-144.97032,65.58785
Lowland,4_2,2,d,BENE,100,1,2170,1750,420,0.806451613,0.193548387,1680,7000,42000,175000,0.853737,614556.4887,403.696991,13,1.6,4.2,17.5,-144.97032,65.58785
Lowland,4_2,2,c,PIGL,0,1,2170,1750,420,0.806451613,0.193548387,1680,7000,42000,175000,0.853737,614556.4887,403.696991,13,1.6,4.2,17.5,-144.97032,65.58785
Lowland,4_2,2,c,PIME,420,1,2170,1750,420,0.806451613,0.193548387,1680,7000,42000,175000,0.853737,614556.4887,403.696991,13,1.6,4.2,17.5,-144.97032,65.58785
Lowland,4_2,2,d,POBA,0,1,2170,1750,420,0.806451613,0.193548387,1680,7000,42000,175000,0.853737,614556.4887,403.696991,13,1.6,4.2,17.5,-144.97032,65.58785
Lowland,4_2,2,d,POTR,210,1,2170,1750,420,0.806451613,0.193548387,1680,7000,42000,175000,0.853737,614556.4887,403.696991,13,1.6,4.2,17.5,-144.97032,65.58785
Lowland,4_2,2,d,SALIX,1440,1,2170,1750,420,0.806451613,0.193548387,1680,7000,42000,175000,0.853737,614556.4887,403.696991,13,1.6,4.2,17.5,-144.97032,65.58785
Lowland,17_3,3,d,ALCR,30,1,2560,2530,30,0.98828125,0.01171875,120,10120,3000,253000,0.941261,616492.1717,422.8439941,3.4,0.3,0.3,25.3,-145.00465,65.59335
Lowland,17_3,3,d,ARCTO,30,1,2560,2530,30,0.98828125,0.01171875,120,10120,3000,253000,0.941261,616492.1717,422.8439941,3.4,0.3,0.3,25.3,-145.00465,65.59335
Lowland,17_3,3,d,BENE,0,1,2560,2530,30,0.98828125,0.01171875,120,10120,3000,253000,0.941261,616492.1717,422.8439941,3.4,0.3,0.3,25.3,-145.00465,65.59335
Lowland,17_3,3,c,PIGL,0,1,2560,2530,30,0.98828125,0.01171875,120,10120,3000,253000,0.941261,616492.1717,422.8439941,3.4,0.3,0.3,25.3,-145.00465,65.59335
Lowland,17_3,3,c,PIME,30,1,2560,2530,30,0.98828125,0.01171875,120,10120,3000,253000,0.941261,616492.1717,422.8439941,3.4,0.3,0.3,25.3,-145.00465,65.59335
Lowland,17_3,3,d,POBA,0,1,2560,2530,30,0.98828125,0.01171875,120,10120,3000,253000,0.941261,616492.1717,422.8439941,3.4,0.3,0.3,25.3,-145.00465,65.59335
Lowland,17_3,3,d,POTR,210,1,2560,2530,30,0.98828125,0.01171875,120,10120,3000,253000,0.941261,616492.1717,422.8439941,3.4,0.3,0.3,25.3,-145.00465,65.59335
Lowland,17_3,3,d,SALIX,2260,1,2560,2530,30,0.98828125,0.01171875,120,10120,3000,253000,0.941261,616492.1717,422.8439941,3.4,0.3,0.3,25.3,-145.00465,65.59335
Lowland,2_3,3,d,ALCR,0,1,370,350,20,0.945945946,0.054054054,80,1400,2000,35000,1.27923,616109.9153,419.6220093,1.6,1.8,0.2,3.5,-145.00218,65.5891
Lowland,2_3,3,d,ARCTO,0,1,370,350,20,0.945945946,0.054054054,80,1400,2000,35000,1.27923,616109.9153,419.6220093,1.6,1.8,0.2,3.5,-145.00218,65.5891
Lowland,2_3,3,d,BENE,40,1,370,350,20,0.945945946,0.054054054,80,1400,2000,35000,1.27923,616109.9153,419.6220093,1.6,1.8,0.2,3.5,-145.00218,65.5891
Lowland,2_3,3,c,PIGL,0,1,370,350,20,0.945945946,0.054054054,80,1400,2000,35000,1.27923,616109.9153,419.6220093,1.6,1.8,0.2,3.5,-145.00218,65.5891
Lowland,2_3,3,c,PIME,20,1,370,350,20,0.945945946,0.054054054,80,1400,2000,35000,1.27923,616109.9153,419.6220093,1.6,1.8,0.2,3.5,-145.00218,65.5891
Lowland,2_3,3,d,POBA,0,1,370,350,20,0.945945946,0.054054054,80,1400,2000,35000,1.27923,616109.9153,419.6220093,1.6,1.8,0.2,3.5,-145.00218,65.5891
Lowland,2_3,3,d,POTR,170,1,370,350,20,0.945945946,0.054054054,80,1400,2000,35000,1.27923,616109.9153,419.6220093,1.6,1.8,0.2,3.5,-145.00218,65.5891
Lowland,2_3,3,d,SALIX,140,1,370,350,20,0.945945946,0.054054054,80,1400,2000,35000,1.27923,616109.9153,419.6220093,1.6,1.8,0.2,3.5,-145.00218,65.5891
Lowland,22_3,3,d,ALCR,0,1,1470,1430,40,0.972789116,0.027210884,160,5720,4000,143000,0.650052,617098.0506,428.9719849,6,0.9,0.4,14.3,-145.01591,65.59493
Lowland,22_3,3,d,ARCTO,0,1,1470,1430,40,0.972789116,0.027210884,160,5720,4000,143000,0.650052,617098.0506,428.9719849,6,0.9,0.4,14.3,-145.01591,65.59493
Lowland,22_3,3,d,BENE,120,1,1470,1430,40,0.972789116,0.027210884,160,5720,4000,143000,0.650052,617098.0506,428.9719849,6,0.9,0.4,14.3,-145.01591,65.59493
Lowland,22_3,3,c,PIGL,0,1,1470,1430,40,0.972789116,0.027210884,160,5720,4000,143000,0.650052,617098.0506,428.9719849,6,0.9,0.4,14.3,-145.01591,65.59493
Lowland,22_3,3,c,PIME,40,1,1470,1430,40,0.972789116,0.027210884,160,5720,4000,143000,0.650052,617098.0506,428.9719849,6,0.9,0.4,14.3,-145.01591,65.59493
Lowland,22_3,3,d,POBA,0,1,1470,1430,40,0.972789116,0.027210884,160,5720,4000,143000,0.650052,617098.0506,428.9719849,6,0.9,0.4,14.3,-145.01591,65.59493
Lowland,22_3,3,d,POTR,290,1,1470,1430,40,0.972789116,0.027210884,160,5720,4000,143000,0.650052,617098.0506,428.9719849,6,0.9,0.4,14.3,-145.01591,65.59493
Lowland,22_3,3,d,SALIX,1020,1,1470,1430,40,0.972789116,0.027210884,160,5720,4000,143000,0.650052,617098.0506,428.9719849,6,0.9,0.4,14.3,-145.01591,65.59493
Lowland,23_3,3,d,ALCR,0,1,990,950,40,0.95959596,0.04040404,160,3800,4000,95000,0.504181,616410.7035,421.7950134,4,1.3,0.4,9.5,-145.00854,65.59009
Lowland,23_3,3,d,ARCTO,0,1,990,950,40,0.95959596,0.04040404,160,3800,4000,95000,0.504181,616410.7035,421.7950134,4,1.3,0.4,9.5,-145.00854,65.59009
Lowland,23_3,3,d,BENE,110,1,990,950,40,0.95959596,0.04040404,160,3800,4000,95000,0.504181,616410.7035,421.7950134,4,1.3,0.4,9.5,-145.00854,65.59009
Lowland,23_3,3,c,PIGL,0,1,990,950,40,0.95959596,0.04040404,160,3800,4000,95000,0.504181,616410.7035,421.7950134,4,1.3,0.4,9.5,-145.00854,65.59009
Lowland,23_3,3,c,PIME,40,1,990,950,40,0.95959596,0.04040404,160,3800,4000,95000,0.504181,616410.7035,421.7950134,4,1.3,0.4,9.5,-145.00854,65.59009
Lowland,23_3,3,d,POBA,0,1,990,950,40,0.95959596,0.04040404,160,3800,4000,95000,0.504181,616410.7035,421.7950134,4,1.3,0.4,9.5,-145.00854,65.59009
Lowland,23_3,3,d,POTR,100,1,990,950,40,0.95959596,0.04040404,160,3800,4000,95000,0.504181,616410.7035,421.7950134,4,1.3,0.4,9.5,-145.00854,65.59009
Lowland,23_3,3,d,SALIX,740,1,990,950,40,0.95959596,0.04040404,160,3800,4000,95000,0.504181,616410.7035,421.7950134,4,1.3,0.4,9.5,-145.00854,65.59009
Lowland,24_3,3,d,ALCR,0,1,620,610,10,0.983870968,0.016129032,40,2440,1000,61000,0.803482,615955.8968,417.1700134,1.2,0,0.1,6.1,-144.99597,65.58874
Lowland,24_3,3,d,ARCTO,20,1,620,610,10,0.983870968,0.016129032,40,2440,1000,61000,0.803482,615955.8968,417.1700134,1.2,0,0.1,6.1,-144.99597,65.58874
Lowland,24_3,3,d,BENE,120,1,620,610,10,0.983870968,0.016129032,40,2440,1000,61000,0.803482,615955.8968,417.1700134,1.2,0,0.1,6.1,-144.99597,65.58874
Lowland,24_3,3,c,PIGL,0,1,620,610,10,0.983870968,0.016129032,40,2440,1000,61000,0.803482,615955.8968,417.1700134,1.2,0,0.1,6.1,-144.99597,65.58874
Lowland,24_3,3,c,PIME,10,1,620,610,10,0.983870968,0.016129032,40,2440,1000,61000,0.803482,615955.8968,417.1700134,1.2,0,0.1,6.1,-144.99597,65.58874
Lowland,24_3,3,d,POBA,0,1,620,610,10,0.983870968,0.016129032,40,2440,1000,61000,0.803482,615955.8968,417.1700134,1.2,0,0.1,6.1,-144.99597,65.58874
Lowland,24_3,3,d,POTR,280,1,620,610,10,0.983870968,0.016129032,40,2440,1000,61000,0.803482,615955.8968,417.1700134,1.2,0,0.1,6.1,-144.99597,65.58874
Lowland,24_3,3,d,SALIX,190,1,620,610,10,0.983870968,0.016129032,40,2440,1000,61000,0.803482,615955.8968,417.1700134,1.2,0,0.1,6.1,-144.99597,65.58874
Lowland,25_3,3,d,ALCR,10,1,1530,1490,40,0.973856209,0.026143791,160,5960,4000,149000,0.472047,616308.4437,420.4249878,2.6,2,0.4,14.9,-144.99825,65.59358
Lowland,25_3,3,d,ARCTO,100,1,1530,1490,40,0.973856209,0.026143791,160,5960,4000,149000,0.472047,616308.4437,420.4249878,2.6,2,0.4,14.9,-144.99825,65.59358
Lowland,25_3,3,d,BENE,10,1,1530,1490,40,0.973856209,0.026143791,160,5960,4000,149000,0.472047,616308.4437,420.4249878,2.6,2,0.4,14.9,-144.99825,65.59358
Lowland,25_3,3,c,PIGL,0,1,1530,1490,40,0.973856209,0.026143791,160,5960,4000,149000,0.472047,616308.4437,420.4249878,2.6,2,0.4,14.9,-144.99825,65.59358
Lowland,25_3,3,c,PIME,40,1,1530,1490,40,0.973856209,0.026143791,160,5960,4000,149000,0.472047,616308.4437,420.4249878,2.6,2,0.4,14.9,-144.99825,65.59358
Lowland,25_3,3,d,POBA,0,1,1530,1490,40,0.973856209,0.026143791,160,5960,4000,149000,0.472047,616308.4437,420.4249878,2.6,2,0.4,14.9,-144.99825,65.59358
Lowland,25_3,3,d,POTR,280,1,1530,1490,40,0.973856209,0.026143791,160,5960,4000,149000,0.472047,616308.4437,420.4249878,2.6,2,0.4,14.9,-144.99825,65.59358
Lowland,25_3,3,d,SALIX,1090,1,1530,1490,40,0.973856209,0.026143791,160,5960,4000,149000,0.472047,616308.4437,420.4249878,2.6,2,0.4,14.9,-144.99825,65.59358
Lowland,35_3,3,d,ALCR,0,1,350,290,60,0.828571429,0.171428571,240,1160,6000,29000,1.14961,615894.5512,418.0899963,1.8,5.1,0.6,2.9,-144.99461,65.59224
Lowland,35_3,3,d,ARCTO,30,1,350,290,60,0.828571429,0.171428571,240,1160,6000,29000,1.14961,615894.5512,418.0899963,1.8,5.1,0.6,2.9,-144.99461,65.59224
Lowland,35_3,3,d,BENE,110,1,350,290,60,0.828571429,0.171428571,240,1160,6000,29000,1.14961,615894.5512,418.0899963,1.8,5.1,0.6,2.9,-144.99461,65.59224
Lowland,35_3,3,c,PIGL,0,1,350,290,60,0.828571429,0.171428571,240,1160,6000,29000,1.14961,615894.5512,418.0899963,1.8,5.1,0.6,2.9,-144.99461,65.59224
Lowland,35_3,3,c,PIME,60,1,350,290,60,0.828571429,0.171428571,240,1160,6000,29000,1.14961,615894.5512,418.0899963,1.8,5.1,0.6,2.9,-144.99461,65.59224
Lowland,35_3,3,d,POBA,0,1,350,290,60,0.828571429,0.171428571,240,1160,6000,29000,1.14961,615894.5512,418.0899963,1.8,5.1,0.6,2.9,-144.99461,65.59224
Lowland,35_3,3,d,POTR,0,1,350,290,60,0.828571429,0.171428571,240,1160,6000,29000,1.14961,615894.5512,418.0899963,1.8,5.1,0.6,2.9,-144.99461,65.59224
Lowland,35_3,3,d,SALIX,150,1,350,290,60,0.828571429,0.171428571,240,1160,6000,29000,1.14961,615894.5512,418.0899963,1.8,5.1,0.6,2.9,-144.99461,65.59224